Index;t;x;y
0,000000000;0,000000000;3,000000000;1,000000000
1,000000000;0,114765116;3,035932641;0,975166875
2,000000000;0,218826133;3,071119494;0,953360021
3,000000000;0,325765616;3,109875313;0,931642012
4,000000000;0,435589954;3,152434015;0,910056053
5,000000000;0,548539894;3,199143809;0,888601221
6,000000000;0,664881213;3,250405689;0,867277891
7,000000000;0,784914070;3,306685695;0,846087020
8,000000000;0,908973595;3,368525511;0,825031308
9,000000000;1,037427958;3,436553396;0,804116836
10,000000000;1,170675470;3,511496100;0,783354827
11,000000000;1,309130935;3,594185830;0,762764920
12,000000000;1,453194905;3,685555549;0,742380285
13,000000000;1,603202879;3,786615432;0,722254075
14,000000000;1,759337390;3,898390292;0,702468209
15,000000000;1,921505794;4,021804766;0,683142077
16,000000000;2,089209198;4,157518888;0,664436473
17,000000000;2,261478286;4,305768303;0,646544639
18,000000000;2,436972557;4,466316721;0,629665346
19,000000000;2,614300068;4,638641908;0,613962385
20,000000000;2,792444937;4,822338059;0,599531002
21,000000000;2,971143711;5,017621392;0,586387307
22,000000000;3,149780018;5,224233583;0,574566377
23,000000000;3,320103612;5,432181305;0,564513428
24,000000000;3,482962414;5,641306292;0,556009213
25,000000000;3,639262773;5,851721062;0,548867228
26,000000000;3,789747087;6,063505434;0,542939567
27,000000000;3,935024622;6,276700931;0,538107823
28,000000000;4,075601072;6,491315724;0,534276181
29,000000000;4,211900168;6,707328185;0,531366426
30,000000000;4,344280984;6,924691481;0,529314232
31,000000000;4,473050859;7,143337036;0,528066404
32,000000000;4,596728719;7,360069296;0,527580565
33,000000000;4,712536118;7,569003617;0,527776277
34,000000000;4,822021795;7,771858398;0,528556938
35,000000000;4,926275670;7,969810899;0,529854705
36,000000000;5,026092445;8,163686360;0,531619869
37,000000000;5,122077603;8,354089595;0,533814916
38,000000000;5,214708851;8,541480385;0,536411018
39,000000000;5,304372772;8,726216802;0,539385786
40,000000000;5,391387438;8,908580216;0,542721714
41,000000000;5,476021215;9,088799078;0,546405226
42,000000000;5,558503339;9,267060048;0,550425914
43,000000000;5,639034928;9,443523148;0,554776160
44,000000000;5,717787759;9,618312330;0,559450359
45,000000000;5,794917957;9,791540147;0,564445108
46,000000000;5,870567076;9,963306267;0,569758916
47,000000000;5,944861009;10,133691430;0,575391790
48,000000000;6,017919234;10,302775598;0,581345645
49,000000000;6,089848353;10,470620613;0,587623614
50,000000000;6,160754630;10,637297136;0,594230960
51,000000000;6,230733140;10,802857416;0,601174041
52,000000000;6,299882551;10,967368304;0,608461665
53,000000000;6,368295979;11,130888076;0,616104248
54,000000000;6,436068912;11,293483628;0,624114711
55,000000000;6,503296450;11,455222233;0,632508321
56,000000000;6,570079244;11,616184022;0,641303618
57,000000000;6,636523262;11,776459452;0,650522730
58,000000000;6,702744739;11,936158865;0,660192489
59,000000000;6,768874773;12,095420636;0,670345764
60,000000000;6,835059944;12,254408832;0,681022409
61,000000000;6,901480310;12,413351287;0,692273366
62,000000000;6,968352957;12,572540588;0,704163180
63,000000000;7,035959374;12,732388278;0,716777504
64,000000000;7,104681019;12,893491232;0,730234139
65,000000000;7,175071740;13,056771155;0,744704620
66,000000000;7,248004493;13,223757868;0,760458129
67,000000000;7,325058225;13,397351092;0,777974362
68,000000000;7,406004688;13,576085468;0,797378786
69,000000000;7,486822459;13,750272354;0,817818288
70,000000000;7,567625076;13,919577489;0,839360124
71,000000000;7,646637720;14,079850628;0,861534159
72,000000000;7,714478602;14,212834787;0,881477844
73,000000000;7,775654805;14,328743216;0,900200320
74,000000000;7,832580364;14,432910752;0,918266417
75,000000000;7,886382950;14,527869336;0,935925158
76,000000000;7,937709974;14,615096363;0,953310611
77,000000000;7,986986719;14,695574465;0,970505839
78,000000000;8,034518411;14,770014014;0,987567709
79,000000000;8,080534207;14,838952319;1,004536805
80,000000000;8,125215042;14,902814234;1,021444075
81,000000000;8,168707857;14,961944431;1,038313912
82,000000000;8,211132050;15,016624840;1,055165003
83,000000000;8,252586932;15,067091185;1,072012032
84,000000000;8,293161178;15,113549004;1,088868662
85,000000000;8,332928647;15,156171803;1,105745213
86,000000000;8,371952852;15,195109631;1,122649920
87,000000000;8,410293398;15,230497646;1,139591323
88,000000000;8,448001774;15,262453340;1,156576156
89,000000000;8,485124309;15,291081047;1,173610353
90,000000000;8,521702570;15,316473556;1,190698991
91,000000000;8,557775519;15,338714649;1,207847113
92,000000000;8,593378054;15,357878906;1,225058895
93,000000000;8,628541684;15,374033163;1,242337797
94,000000000;8,663297892;15,387238627;1,259688109
95,000000000;8,697670570;15,397548590;1,277111071
96,000000000;8,731689327;15,405013570;1,294611465
97,000000000;8,765378223;15,409677646;1,312191892
98,000000000;8,798758637;15,411580518;1,329854082
99,000000000;8,831855413;15,410758000;1,347602101
100,000000000;8,864688339;15,407241678;1,365437796
101,000000000;8,897276877;15,401059737;1,383363222
102,000000000;8,929641805;15,392236445;1,401381535
103,000000000;8,961800381;15,380793405;1,419494280
104,000000000;8,993771503;15,366748427;1,437704211
105,000000000;9,025570935;15,350117459;1,456012565
106,000000000;9,057216587;15,330912388;1,474422029
107,000000000;9,088727317;15,309140962;1,492936084
108,000000000;9,120118819;15,284809696;1,511556552
109,000000000;9,151405441;15,257923532;1,530284577
110,000000000;9,182606850;15,228479810;1,549124613
111,000000000;9,213735337;15,196479600;1,568076767
112,000000000;9,244811544;15,161912659;1,587146285
113,000000000;9,275851597;15,124769864;1,606335726
114,000000000;9,306871253;15,085039657;1,625647423
115,000000000;9,337888474;15,042704624;1,645085055
116,000000000;9,368917760;14,997749067;1,664650072
117,000000000;9,399982646;14,950140865;1,684349537
118,000000000;9,431100146;14,899853567;1,704186293
119,000000000;9,462290725;14,846851873;1,724165207
120,000000000;9,493574695;14,791096898;1,744290847
121,000000000;9,524975798;14,732539568;1,764569729
122,000000000;9,556514849;14,671132032;1,785006166
123,000000000;9,588221713;14,606804285;1,805609955
124,000000000;9,620120347;14,539492900;1,826386612
125,000000000;9,652241907;14,469114486;1,847345786
126,000000000;9,684620241;14,395573534;1,868498238
127,000000000;9,717289840;14,318766652;1,889854379
128,000000000;9,750294414;14,238561606;1,911429716
129,000000000;9,783680075;14,154811613;1,933240211
130,000000000;9,817498850;14,067345877;1,955304337
131,000000000;9,851814181;13,975953225;1,977646366
132,000000000;9,886698485;13,880385513;2,000294361
133,000000000;9,922236768;13,780345100;2,023282014
134,000000000;9,958537338;13,675450277;2,046654838
135,000000000;9,995732103;13,565227606;2,070469305
136,000000000;10,033997460;13,449041537;2,094804697
137,000000000;10,073564302;13,326050053;2,119767064
138,000000000;10,114758262;13,195060147;2,145510851
139,000000000;10,158071402;13,054264853;2,172276920
140,000000000;10,204330762;12,900628001;2,200483202
141,000000000;10,255172407;12,728155483;2,230981389
142,000000000;10,315151890;12,520234811;2,266212519
143,000000000;10,369011233;12,329840444;2,297089626
144,000000000;10,427995531;12,117803885;2,330004679
145,000000000;10,478414082;11,934016819;2,357336347
146,000000000;10,524481386;11,764333655;2,381619426
147,000000000;10,568147473;11,602177001;2,403996476
148,000000000;10,610220407;11,444922047;2,424941015
149,000000000;10,651140882;11,291197669;2,444708910
150,000000000;10,691194537;11,140150994;2,463462125
151,000000000;10,730579897;10,991218142;2,481309630
152,000000000;10,769448837;10,843985543;2,498330727
153,000000000;10,807918473;10,698153250;2,514583033
154,000000000;10,846085289;10,553486751;2,530110427
155,000000000;10,884032375;10,409793194;2,544947141
156,000000000;10,921828350;10,266928058;2,559118187
157,000000000;10,959534813;10,124768827;2,572642942
158,000000000;10,997210632;9,983200432;2,585536996
159,000000000;11,034905837;9,842139436;2,597810313
160,000000000;11,072668182;9,701510334;2,609469832
161,000000000;11,110546120;9,561235478;2,620520415
162,000000000;11,148584451;9,421252175;2,630963563
163,000000000;11,186828790;9,281496959;2,640798781
164,000000000;11,225323946;9,141912433;2,650023084
165,000000000;11,264116456;9,002438908;2,658631577
166,000000000;11,303253195;8,863020397;2,666617004
167,000000000;11,342783329;8,723598608;2,673970047
168,000000000;11,382760818;8,584105424;2,680679511
169,000000000;11,423244817;8,444463256;2,686731945
170,000000000;11,464293519;8,304607783;2,692110427
171,000000000;11,505975355;8,164451215;2,696795825
172,000000000;11,548370980;8,023878951;2,700766052
173,000000000;11,591563218;7,882786202;2,703994296
174,000000000;11,635655839;7,741019835;2,706449740
175,000000000;11,680768475;7,598401170;2,708095494
176,000000000;11,727043490;7,454710941;2,708887203
177,000000000;11,774657230;7,309664030;2,708770794
178,000000000;11,823834753;7,162878924;2,707678778
179,000000000;11,874870713;7,013836590;2,705524420
180,000000000;11,927865561;6,862652456;2,702213962
181,000000000;11,981704530;6,712817689;2,697761583
182,000000000;12,036494745;6,564237324;2,692137329
183,000000000;12,092338788;6,416852221;2,685307080
184,000000000;12,149350473;6,270597869;2,677231077
185,000000000;12,207657658;6,125401892;2,667862913
186,000000000;12,267406680;5,981178964;2,657148010
187,000000000;12,328764672;5,837832704;2,645022199
188,000000000;12,391928011;5,695245109;2,631408873
189,000000000;12,457129197;5,553273480;2,616215867
190,000000000;12,519158301;5,423043568;2,600745801
191,000000000;12,578632641;5,302522033;2,585035134
192,000000000;12,636344589;5,189559034;2,569015379
193,000000000;12,692774329;5,082826445;2,552656409
194,000000000;12,748237553;4,981431941;2,535947319
195,000000000;12,802957229;4,884733203;2,518886830
196,000000000;12,857099784;4,792243583;2,501478665
197,000000000;12,910794584;4,703580477;2,483729304
198,000000000;12,964145672;4,618434038;2,465646696
199,000000000;13,017240082;4,536545940;2,447239191
200,000000000;13,070147630;4,457703881;2,428516868
201,000000000;13,122931692;4,381720928;2,409488693
202,000000000;13,175645283;4,308438493;2,390164544
203,000000000;13,228334971;4,237718033;2,370554362
204,000000000;13,281044065;4,169434960;2,350667365
205,000000000;13,333811309;4,103479072;2,330512832
206,000000000;13,386669232;4,039755121;2,310101037
207,000000000;13,439651053;3,978173277;2,289440812
208,000000000;13,492786127;3,918654030;2,268541459
209,000000000;13,546102318;3,861124638;2,247411992
210,000000000;13,599626058;3,805518571;2,226061225
211,000000000;13,653381745;3,751775638;2,204498127
212,000000000;13,707392567;3,699840660;2,182731581
213,000000000;13,761681327;3,649662361;2,160770137
214,000000000;13,816270107;3,601193461;2,138622205
215,000000000;13,871179168;3,554391350;2,116296569
216,000000000;13,926430358;3,509214940;2,093801052
217,000000000;13,982042254;3,465628566;2,071144541
218,000000000;14,038035047;3,423597768;2,048335040
219,000000000;14,094427969;3,383091282;2,025380754
220,000000000;14,151239733;3,344080524;2,002289947
221,000000000;14,208489318;3,306538938;1,979070649
222,000000000;14,266195114;3,270442501;1,955731036
223,000000000;14,324375689;3,235769133;1,932279140
224,000000000;14,383049375;3,202498906;1,908723047
225,000000000;14,442234665;3,170613755;1,885070751
226,000000000;14,501950489;3,140097326;1,861330071
227,000000000;14,562214933;3,110935598;1,837509182
228,000000000;14,623046642;3,083116118;1,813616068
229,000000000;14,684465204;3,056627888;1,789658399
230,000000000;14,746489529;3,031462094;1,765644182
231,000000000;14,809139073;3,007611555;1,741581298
232,000000000;14,872433044;2,985071044;1,717477826
233,000000000;14,936392207;2,963836672;1,693341364
234,000000000;15,001036959;2,943906636;1,669179792
235,000000000;15,066388397;2,925280879;1,645000875
236,000000000;15,132468510;2,907961125;1,620812219
237,000000000;15,199299703;2,891951092;1,596621464
238,000000000;15,266904915;2,877256527;1,572436262
239,000000000;15,335308700;2,863885079;1,548263914
240,000000000;15,404535535;2,851846769;1,524111994
241,000000000;15,474610980;2,841153848;1,499987961
242,000000000;15,545562675;2,831820822;1,475898852
243,000000000;15,617418773;2,823864868;1,451851852
244,000000000;15,690210439;2,817305738;1,427853499
245,000000000;15,763967927;2,812166360;1,403911021
246,000000000;15,838725309;2,808472623;1,380030821
247,000000000;15,914517947;2,806253896;1,356219364
248,000000000;15,991383315;2,805543250;1,332482965
249,000000000;16,069362287;2,806377806;1,308827456
250,000000000;16,148497911;2,808799149;1,285258645
251,000000000;16,228836718;2,812853773;1,261782000
252,000000000;16,310428235;2,818593558;1,238402884
253,000000000;16,393327247;2,826076498;1,215126014
254,000000000;16,477591627;2,835367194;1,191956201
255,000000000;16,563285605;2,846537903;1,168897575
256,000000000;16,650478620;2,859669311;1,145954068
257,000000000;16,739247008;2,874851751;1,123129139
258,000000000;16,829673251;2,892186202;1,100426173
259,000000000;16,921850384;2,911786444;1,077847598
260,000000000;17,015879576;2,933780210;1,055395781
261,000000000;17,111872928;2,958311552;1,033072639
262,000000000;17,209955595;2,985543554;1,010879510
263,000000000;17,310266800;3,015661192;0,000000001
264,000000000;17,412962406;3,048875120;0,000000001
265,000000000;17,518215988;3,085425619;0,000000001
266,000000000;17,626224027;3,125588695;0,000000001
267,000000000;17,737207108;3,169681853;0,000000001
268,000000000;17,851413014;3,218071562;0,000000001
269,000000000;17,969120792;3,271182533;0,000000001
270,000000000;18,090643495;3,329508106;0,000000001
271,000000000;18,216328626;3,393621294;0,000000001
272,000000000;18,346556546;3,464186487;0,000000001
273,000000000;18,481734795;3,541970461;0,000000001
274,000000000;18,622277195;3,627845006;0,000000001
275,000000000;18,768567825;3,722777241;0,000000001
276,000000000;18,920895322;3,827792152;0,000000001
277,000000000;19,079353932;3,943893385;0,000000001
278,000000000;19,243710890;4,071926229;0,000000001
279,000000000;19,413289146;4,212404918;0,000000001
280,000000000;19,586954819;4,365380847;0,000000001
281,000000000;19,763299574;4,530472620;0,000000001
282,000000000;19,941023241;4,707145801;0,000000001
283,000000000;20,119359907;4,895171507;0,000000001
284,000000000;20,298403233;5,095137007;0,000000001
285,000000000;20,473787485;5,302249509;0,000000001
286,000000000;20,641186561;5,510623362;0,000000001
287,000000000;20,801483788;5,720221090;0,000000001
288,000000000;20,955519384;5,931143347;0,000000001
289,000000000;21,103981784;6,143455115;0,000000001
290,000000000;21,247438225;6,357184698;0,000000001
291,000000000;21,386361279;6,572328502;0,000000001
292,000000000;21,521148867;6,788855348;0,000000001
293,000000000;21,652139099;7,006709562;0,000000001
294,000000000;21,779622529;7,225815082;0,000000001
295,000000000;21,900119628;7,439364731;0,000000001
296,000000000;22,013399950;7,645848205;0,000000001
297,000000000;22,120811486;7,846746319;0,000000001
298,000000000;22,223316768;8,043083575;0,000000001
299,000000000;22,321630393;8,235591470;0,000000001
300,000000000;22,416305831;8,424816714;0,000000001
301,000000000;22,507781983;8,611174692;0,000000001
302,000000000;22,596416826;8,794990869;0,000000001
303,000000000;22,682508995;8,976526652;0,000000001
304,000000000;22,766308928;9,155989074;0,000000001
305,000000000;22,848036160;9,333557424;0,000000001
306,000000000;22,927879775;9,509376706;0,000000001
307,000000000;23,006005374;9,683566452;0,000000001
308,000000000;23,082563034;9,856233540;0,000000001
309,000000000;23,157688423;10,027470911;0,000000001
310,000000000;23,231505810;10,197361148;0,000000001
311,000000000;23,304128577;10,365974838;0,000000001
312,000000000;23,375661501;10,533373369;0,000000001
313,000000000;23,446207763;10,699623309;0,000000001
314,000000000;23,515864424;10,864784080;0,000000001
315,000000000;23,584726783;11,028916480;0,000000001
316,000000000;23,652888807;11,192082102;0,000000001
317,000000000;23,720445374;11,354347059;0,000000001
318,000000000;23,787492535;11,515780933;0,000000001
319,000000000;23,854134745;11,676472336;0,000000001
320,000000000;23,920481924;11,836519732;0,000000001
321,000000000;23,986651832;11,996034595;0,000000001
322,000000000;24,052782871;12,155169055;0,000000001
323,000000000;24,119034570;12,314112737;0,000000001
324,000000000;24,185596460;12,473108186;0,000000001
325,000000000;24,252708208;12,632490429;0,000000001
326,000000000;24,320682081;12,792727191;0,000000001
327,000000000;24,389953676;12,954517115;0,000000001
328,000000000;24,461172145;13,118962501;0,000000001
329,000000000;24,535404073;13,287965446;0,000000001
330,000000000;24,614733213;13,465417494;0,000000001
331,000000000;24,695622065;13,642478786;0,000000001
332,000000000;24,776416159;13,814852786;0,000000001
333,000000000;24,857254794;13,982239704;0,000000001
334,000000000;24,931222106;14,130410292;0,000000001
335,000000000;24,996192292;14,256217044;0,000000001
336,000000000;25,055651255;14,367482103;0,000000001
337,000000000;25,111355291;14,468112832;0,000000001
338,000000000;25,164207027;14,560149126;0,000000001
339,000000000;25,214753979;14,644847777;0,000000001
340,000000000;25,263370258;14,723076241;0,000000001
341,000000000;25,310332800;14,795478618;0,000000001
342,000000000;25,355848816;14,862542989;1,010638334
343,000000000;25,400086436;14,924663470;1,027529802
344,000000000;25,443180521;14,982158375;1,044390627
345,000000000;25,485243294;15,035292638;1,061238173
346,000000000;25,526371497;15,084292231;1,078087349
347,000000000;25,566645814;15,129347573;1,094949603
348,000000000;25,606137425;15,170624693;1,111834984
349,000000000;25,644909756;15,208269281;1,128752463
350,000000000;25,683015786;15,242406339;1,145708351
351,000000000;25,720508609;15,273151585;1,162710659
352,000000000;25,757428312;15,300601466;1,179762973
353,000000000;25,793821112;15,324849566;1,196872959
354,000000000;25,829719294;15,345972692;1,214042924
355,000000000;25,865160292;15,364044828;1,231278591
356,000000000;25,900172912;15,379129324;1,248582424
357,000000000;25,934786956;15,391284954;1,265958144
358,000000000;25,969030112;15,400564493;1,283409155
359,000000000;26,002928278;15,407015329;1,300938617
360,000000000;26,036502582;15,410679740;1,318547792
361,000000000;26,069779247;15,411596481;1,336241134
362,000000000;26,102779782;15,409799447;1,354021140
363,000000000;26,135522381;15,405319177;1,371888930
364,000000000;26,168029659;15,398182058;1,389848423
365,000000000;26,200317736;15,388412117;1,407900326
366,000000000;26,232406672;15,376029139;1,426047841
367,000000000;26,264313682;15,361050396;1,444292871
368,000000000;26,296058483;15,343488567;1,462639019
369,000000000;26,327654382;15,323356668;1,481086414
370,000000000;26,359119708;15,300661964;1,499638272
371,000000000;26,390471229;15,275409388;1,518297085
372,000000000;26,421725516;15,247600901;1,537065375
373,000000000;26,452899760;15,217234717;1,555946161
374,000000000;26,484008420;15,184308730;1,574940891
375,000000000;26,515068694;15,148815189;1,594052727
376,000000000;26,546098569;15,110742035;1,613285365
377,000000000;26,577114367;15,070075929;1,632641483
378,000000000;26,608133872;15,026798504;1,652124637
379,000000000;26,639174920;14,980887954;1,671738358
380,000000000;26,670256314;14,932317636;1,691486692
381,000000000;26,701397175;14,881056854;1,711373755
382,000000000;26,732617926;14,827069103;1,731404315
383,000000000;26,763940631;14,770311041;1,751583979
384,000000000;26,795389435;14,710731132;1,771919423
385,000000000;26,826984749;14,648280721;1,792414571
386,000000000;26,858755936;14,582889152;1,813078738
387,000000000;26,890731811;14,514481108;1,833920414
388,000000000;26,922942330;14,442973331;1,854948253
389,000000000;26,955420744;14,368269487;1,876172362
390,000000000;26,988207300;14,290250327;1,897606598
391,000000000;27,021344630;14,208782931;1,919265385
392,000000000;27,054881241;14,123711401;1,941165791
393,000000000;27,088872233;14,034853386;1,963327737
394,000000000;27,123383101;13,941988017;1,985776146
395,000000000;27,158491816;13,844847150;2,008541846
396,000000000;27,194291583;13,743104032;2,031662756
397,000000000;27,230899463;13,636343751;2,055188631
398,000000000;27,268457894;13,524051909;2,079180843
399,000000000;27,307160467;13,405528168;2,103727120
400,000000000;27,347269829;13,279814638;2,128950014
401,000000000;27,389157783;13,145546226;2,155027510
402,000000000;27,433410631;13,000570298;2,182250128
403,000000000;27,481061973;12,841094522;2,211146006
404,000000000;27,534344159;12,658949883;2,242889160
405,000000000;27,601256799;12,425039258;2,281811342
406,000000000;27,654275186;12,236067452;2,311833046
407,000000000;27,708210615;12,040952033;2,341566200
408,000000000;27,756428597;11,864387169;2,367409744
409,000000000;27,801384695;11,698212862;2,390840525
410,000000000;27,844339669;11,538250553;2,412599698
411,000000000;27,885905427;11,382548880;2,433045338
412,000000000;27,926447424;11,229988985;2,452387885
413,000000000;27,966210777;11,079852592;2,470764654
414,000000000;28,005372650;10,931644781;2,488271062
415,000000000;28,044066635;10,785013153;2,504975523
416,000000000;28,082404282;10,639673197;2,520931143
417,000000000;28,120474939;10,495413411;2,536177020
418,000000000;28,158353478;10,352069195;2,550742627
419,000000000;28,196106813;10,209500430;2,564651107
420,000000000;28,233794373;10,067591471;2,577919894
421,000000000;28,271471374;9,926240177;2,590562262
422,000000000;28,309187676;9,785363389;2,602587192
423,000000000;28,346989904;9,644889858;2,614000351
424,000000000;28,384925081;9,504747650;2,624805290
425,000000000;28,423039825;9,364868144;2,635003137
426,000000000;28,461380221;9,225187379;2,644592546
427,000000000;28,499989833;9,085654051;2,653569257
428,000000000;28,538914535;8,946212677;2,661927282
429,000000000;28,578204082;8,806799211;2,669658973
430,000000000;28,617908495;8,667355102;2,676754053
431,000000000;28,658084721;8,527805162;2,683200588
432,000000000;28,698788147;8,388088662;2,688983240
433,000000000;28,740083584;8,248122871;2,694084675
434,000000000;28,782043162;8,107812967;2,698484521
435,000000000;28,824749414;7,967044644;2,702158952
436,000000000;28,868292458;7,825696840;2,705079591
437,000000000;28,912781111;7,683609734;2,707213281
438,000000000;28,958343088;7,540590621;2,708520371
439,000000000;29,005135418;7,396389264;2,708952973
440,000000000;29,053349705;7,250693095;2,708452098
441,000000000;29,103237727;7,103066021;2,706943323
442,000000000;29,155130305;6,952918193;2,704329738
443,000000000;29,208452897;6,802285196;2,700563591
444,000000000;29,262662722;6,652960581;2,695644025
445,000000000;29,317863671;6,504867542;2,689539502
446,000000000;29,374162189;6,357945933;2,682213799
447,000000000;29,431677825;6,212127131;2,673624580
448,000000000;29,490545623;6,067333344;2,663722302
449,000000000;29,550919513;5,923475697;2,652448790
450,000000000;29,612977309;5,780450306;2,639735268
451,000000000;29,676928889;5,638129808;2,625499321
452,000000000;29,740982814;5,500658002;2,610147873
453,000000000;29,801885758;5,374577172;2,594593867
454,000000000;29,860593189;5,257231213;2,578767075
455,000000000;29,917755190;5,146848211;2,562615753
456,000000000;29,973773448;5,042306256;2,546119401
457,000000000;30,028920899;4,942827371;2,529271790
458,000000000;30,083395393;4,847838160;2,512073924
459,000000000;30,137347279;4,756897133;2,494530724
460,000000000;30,190895261;4,669652614;2,476649223
461,000000000;30,244135882;4,585817156;2,458437623
462,000000000;30,297148398;4,505152720;2,439905166
463,000000000;30,350001096;4,427455884;2,421061049
464,000000000;30,402751011;4,352554550;2,401915328
465,000000000;30,455449785;4,280296566;2,382477436
466,000000000;30,508142243;4,210549711;2,362757155
467,000000000;30,560869494;4,143195738;2,342763844
468,000000000;30,613667505;4,078130856;2,322507275
469,000000000;30,666570232;4,015260601;2,301996687
470,000000000;30,719609096;3,954499712;2,281241180
471,000000000;30,772812305;3,895772072;2,260250142
472,000000000;30,826206733;3,839007884;2,239032666
473,000000000;30,879818919;3,784142201;2,217597254
474,000000000;30,933672487;3,731117196;2,195952948
475,000000000;30,987790102;3,679879622;2,174108641
476,000000000;31,042194589;3,630379516;2,152072697
477,000000000;31,096907146;3,582571635;2,129853733
478,000000000;31,151948747;3,536413901;2,107460114
479,000000000;31,207339390;3,491867858;2,084900305
480,000000000;31,263099216;3,448897570;2,062182463
481,000000000;31,319247403;3,407470362;2,039314925
482,000000000;31,375803053;3,367555976;2,016305886
483,000000000;31,432784717;3,329126803;1,993163622
484,000000000;31,490211859;3,292156818;1,969895927
485,000000000;31,548102326;3,256623173;1,946511165
486,000000000;31,606474928;3,222504433;1,923017252
487,000000000;31,665348298;3,189781293;1,899422140
488,000000000;31,724740383;3,158436761;1,875734041
489,000000000;31,784670118;3,128455218;1,851960776
490,000000000;31,845155831;3,099823252;1,828110434
491,000000000;31,906216469;3,072529009;1,804190900
492,000000000;31,967871070;3,046562470;1,780210084
493,000000000;32,030139018;3,021915338;1,756175841
494,000000000;32,093040129;2,998581035;1,732095952
495,000000000;32,156593837;2,976555011;1,707978455
496,000000000;32,220820489;2,955834283;1,683831159
497,000000000;32,285741592;2,936417474;1,659661587
498,000000000;32,351377773;2,918305478;1,635477746
499,000000000;32,417751128;2,901500796;1,611287271
500,000000000;32,484884200;2,886007935;1,587097829
501,000000000;32,552801042;2,871833258;1,562916756
502,000000000;32,621525263;2,858985514;1,538751780
503,000000000;32,691082738;2,847475388;1,514610083
504,000000000;32,761499854;2,837316012;1,490498953
505,000000000;32,832804118;2,828522984;1,466425599
506,000000000;32,905024695;2,821114478;1,442397002
507,000000000;32,978192855;2,815111438;1,418419816
508,000000000;33,052339927;2,810537959;1,394501077
509,000000000;33,127500402;2,807421267;1,370647235
510,000000000;33,203711125;2,805792134;1,346864484
511,000000000;33,281010502;2,805685206;1,323159071
512,000000000;33,359439395;2,807139301;1,299537073
513,000000000;33,439042753;2,810197864;1,276003986
514,000000000;33,519868570;2,814909463;1,252565143
515,000000000;33,601968230;2,821328302;1,229225701
516,000000000;33,685397687;2,829514901;1,205990415
517,000000000;33,770217267;2,839536774;1,182863825
518,000000000;33,856492882;2,851469342;1,159850062
519,000000000;33,944296842;2,865396980;1,136952806
520,000000000;34,033707703;2,881414038;1,114175516
521,000000000;34,124811999;2,899626336;1,091521191
522,000000000;34,217705514;2,920152851;1,068992314
523,000000000;34,312493925;2,943127543;1,046590980
524,000000000;34,409293888;2,968701523;1,024318969
525,000000000;34,508236664;2,997046320;1,002177283
526,000000000;34,609467105;3,028356367;0,000000001
527,000000000;34,713148079;3,062853524;0,000000001
528,000000000;34,819461464;3,100791320;0,000000001
529,000000000;34,928613226;3,142461412;0,000000001
530,000000000;35,040833962;3,188199493;0,000000001
531,000000000;35,156383698;3,238393942;0,000000001
532,000000000;35,275554589;3,293495192;0,000000001
533,000000000;35,398672873;3,354026389;0,000000001
534,000000000;35,526099593;3,420595230;0,000000001
535,000000000;35,658227752;3,493905750;0,000000001
536,000000000;35,795469302;3,574765562;0,000000001
537,000000000;35,938232559;3,664086589;0,000000001
538,000000000;36,086873983;3,762865388;0,000000001
539,000000000;36,241619526;3,872130957;0,000000001
540,000000000;36,402450732;3,992843540;0,000000001
541,000000000;36,568970320;4,125738640;0,000000001
542,000000000;36,740314345;4,271158417;0,000000001
543,000000000;36,915207250;4,428967911;0,000000001
544,000000000;37,092229764;4,598678258;0,000000001
545,000000000;37,270244724;4,779815219;0,000000001
546,000000000;37,448791888;4,972408649;0,000000001
547,000000000;37,628377203;5,177521381;0,000000001
548,000000000;37,800500888;5,385188362;0,000000001
549,000000000;37,964957273;5,594036883;0,000000001
550,000000000;38,122666450;5,804152475;0,000000001
551,000000000;38,274404967;6,015623127;0,000000001
552,000000000;38,420809305;6,228498674;0,000000001
553,000000000;38,562406262;6,442794267;0,000000001
554,000000000;38,699636497;6,658494754;0,000000001
555,000000000;38,832872523;6,875558850;0,000000001
556,000000000;38,962432165;7,093922252;0,000000001
557,000000000;39,088145796;7,312716939;0,000000001
558,000000000;39,205548154;7,523214023;0,000000001
559,000000000;39,316329727;7,727301078;0,000000001
560,000000000;39,421667010;7,926259134;0,000000001
561,000000000;39,522410553;8,120980558;0,000000001
562,000000000;39,619200974;8,312110385;0,000000001
563,000000000;39,712541306;8,500137613;0,000000001
564,000000000;39,802833838;8,685435812;0,000000001
565,000000000;39,890411582;8,868304246;0,000000001
566,000000000;39,975553718;9,048983795;0,000000001
567,000000000;40,058496654;9,227668075;0,000000001
568,000000000;40,139444101;9,404515676;0,000000001
569,000000000;40,218576615;9,579663919;0,000000001
570,000000000;40,296054804;9,753230563;0,000000001
571,000000000;40,372020141;9,925311035;0,000000001
572,000000000;40,446604907;10,095997157;0,000000001
573,000000000;40,519928351;10,265365549;0,000000001
574,000000000;40,592098435;10,433478792;0,000000001
575,000000000;40,663222276;10,600407516;0,000000001
576,000000000;40,733399340;10,766212744;0,000000001
577,000000000;40,802724563;10,930951298;0,000000001
578,000000000;40,871292288;11,094683454;0,000000001
579,000000000;40,939199526;11,257479229;0,000000001
580,000000000;41,006539018;11,419400111;0,000000001
581,000000000;41,073411872;11,580527594;0,000000001
582,000000000;41,139922888;11,740950070;0,000000001
583,000000000;41,206184188;11,900769270;0,000000001
584,000000000;41,272322514;12,060115083;0,000000001
585,000000000;41,338481535;12,219147533;0,000000001
586,000000000;41,404832103;12,378076588;0,000000001
587,000000000;41,471582094;12,537178913;0,000000001
588,000000000;41,538997096;12,696837066;0,000000001
589,000000000;41,607431502;12,857597295;0,000000001
590,000000000;41,677392026;13,020292125;0,000000001
591,000000000;41,749658996;13,186273375;0,000000001
592,000000000;41,825598231;13,358025778;0,000000001
593,000000000;41,906586120;13,537703614;0,000000001
594,000000000;41,987426636;13,712912829;0,000000001
595,000000000;42,068219390;13,883299989;0,000000001
596,000000000;42,149124846;14,048584622;0,000000001
597,000000000;42,218858435;14,186268043;0,000000001
598,000000000;42,281174836;14,305198145;0,000000001
599,000000000;42,338884682;14,411595387;0,000000001
600,000000000;42,393287867;14,508367344;0,000000001
601,000000000;42,445101267;14,597145553;0,000000001
602,000000000;42,494784403;14,678990505;0,000000001
603,000000000;42,542664536;14,754662144;0,000000001
604,000000000;42,588987237;14,824733045;1,000935050
605,000000000;42,633939422;14,889644213;1,017853543
606,000000000;42,677673945;14,949754833;1,034729585
607,000000000;42,720315224;15,005358637;1,051582839
608,000000000;42,761968021;15,056702330;1,068429381
609,000000000;42,802722988;15,103997125;1,085283046
610,000000000;42,842655643;15,147421332;1,102154297
611,000000000;42,881833982;15,187132140;1,119052831
612,000000000;42,920316668;15,223265750;1,135986408
613,000000000;42,958155659;15,255942176;1,152961607
614,000000000;42,995399508;15,285269516;1,169985045
615,000000000;43,032090893;15,311342938;1,187062051
616,000000000;43,068268500;15,334247503;1,204197299
617,000000000;43,103968548;15,354060008;1,221395372
618,000000000;43,139223350;15,370848896;1,238659938
619,000000000;43,174062880;15,384675972;1,255994359
620,000000000;43,208515874;15,395597306;1,273402154
621,000000000;43,242608694;15,403663206;1,290886341
622,000000000;43,276365587;15,408918940;1,308449475
623,000000000;43,309810709;15,411405426;1,326094627
624,000000000;43,342967259;15,411159103;1,343824901
625,000000000;43,375854681;15,408212499;1,361641856
626,000000000;43,408494577;15,402594352;1,379548625
627,000000000;43,440905242;15,394330197;1,397546920
628,000000000;43,473105143;15,383442288;1,415638869
629,000000000;43,505114682;15,369948602;1,433828014
630,000000000;43,536948045;15,353866394;1,452114643
631,000000000;43,568626370;15,335206414;1,470503266
632,000000000;43,600163859;15,313979847;1,488994615
633,000000000;43,631578227;15,290192836;1,507591637
634,000000000;43,662883729;15,263851115;1,526295391
635,000000000;43,694100788;15,234952126;1,545110749
636,000000000;43,725243527;15,203495527;1,564038930
637,000000000;43,756329593;15,169474675;1,583083349
638,000000000;43,787374892;15,132881584;1,602246413
639,000000000;43,818396677;15,093703656;1,621531374
640,000000000;43,849413007;15,051923901;1,640941986
641,000000000;43,880439400;15,007525590;1,660480365
642,000000000;43,911495310;14,960483302;1,680151018
643,000000000;43,942600675;14,910767029;1,699958665
644,000000000;43,973774254;14,858344952;1,719907125
645,000000000;44,005037813;14,803176494;1,740001945
646,000000000;44,036410597;14,745221675;1,760246801
647,000000000;44,067918633;14,684423983;1,780649441
648,000000000;44,099585617;14,620726519;1,801215748
649,000000000;44,131440508;14,554056972;1,821954589
650,000000000;44,163510689;14,484340930;1,842873283
651,000000000;44,195830760;14,411482672;1,863983230
652,000000000;44,228435237;14,335379988;1,885295035
653,000000000;44,261365990;14,255906449;1,906823214
654,000000000;44,294664906;14,172927606;1,928581224
655,000000000;44,328386164;14,086269615;1,950589255
656,000000000;44,362587381;13,995739020;1,972868164
657,000000000;44,397343080;13,901085176;1,995447866
658,000000000;44,432735152;13,802022043;2,018360613
659,000000000;44,468862903;13,698197615;2,041646863
660,000000000;44,505857425;13,589146318;2,065363562
661,000000000;44,543879694;13,474285460;2,089581477
662,000000000;44,583147185;13,352824146;2,114400071
663,000000000;44,623959476;13,223665140;2,139960240
664,000000000;44,666770439;13,085145281;2,166483551
665,000000000;44,712309410;12,934584565;2,194335687
666,000000000;44,761960087;12,766909100;2,224232133
667,000000000;44,819213936;12,569371451;2,258032440
668,000000000;44,879095760;12,358449116;2,292531530
669,000000000;44,930256582;12,175145586;2,321252045
670,000000000;44,981804298;11,987929151;2,349431421
671,000000000;45,028847500;11,815152173;2,374440965
672,000000000;45,073130238;11,651082505;2,397331818
673,000000000;45,115632530;11,492511122;2,418680385
674,000000000;45,156870758;11,337811308;2,438787843
675,000000000;45,197165068;11,186016501;2,457837455
676,000000000;45,236736974;11,036486353;2,475952095
677,000000000;45,275751328;10,888765118;2,493219184
678,000000000;45,314331767;10,742532972;2,509700934
679,000000000;45,352581405;10,597533747;2,525445465
680,000000000;45,390589171;10,453554926;2,540490547
681,000000000;45,428422420;10,310458508;2,554861711
682,000000000;45,466150807;10,168092723;2,568582269
683,000000000;45,503827498;10,026364702;2,581666589
684,000000000;45,541510451;9,885161540;2,594128173
685,000000000;45,579245817;9,744413827;2,605974075
686,000000000;45,617084527;9,604034479;2,617210587
687,000000000;45,655069093;9,463968823;2,627839177
688,000000000;45,693244963;9,324153171;2,637860030
689,000000000;45,731659487;9,184519815;2,647271508
690,000000000;45,770355058;9,045022778;2,656068438
691,000000000;45,809380700;8,905596649;2,664244851
692,000000000;45,848785517;8,766181506;2,671792179
693,000000000;45,888622452;8,626710642;2,678699847
694,000000000;45,928945579;8,487121407;2,684954535
695,000000000;45,969813251;8,347345524;2,690540481
696,000000000;46,011294091;8,207290736;2,695439762
697,000000000;46,053462240;8,066859717;2,699630935
698,000000000;46,096401859;7,925937755;2,703088881
699,000000000;46,140209092;7,784390076;2,705784011
700,000000000;46,184996136;7,642053444;2,707681323
701,000000000;46,230898141;7,498720753;2,708739035
702,000000000;46,278081409;7,354124588;2,708906400
703,000000000;46,326752950;7,207920645;2,708120517
704,000000000;46,377184699;7,059633386;2,706301289
705,000000000;46,429741989;6,908601254;2,703343106
706,000000000;46,483312459;6,758365577;2,699241827
707,000000000;46,537802115;6,609409145;2,693978260
708,000000000;46,593313333;6,461666224;2,687519650
709,000000000;46,649956223;6,315074230;2,679828051
710,000000000;46,707853600;6,169564546;2,670859274
711,000000000;46,767145993;6,025055431;2,660561374
712,000000000;46,827993976;5,881453517;2,648873263
713,000000000;46,890583796;5,738649054;2,635722521
714,000000000;46,955136424;5,596506491;2,621022039
715,000000000;47,018142675;5,462719815;2,605620278
716,000000000;47,078312668;5,339438353;2,589994927
717,000000000;47,136515312;5,224274929;2,574076618
718,000000000;47,193308048;5,115698348;2,557825717
719,000000000;47,249046868;5,012708067;2,541226981
720,000000000;47,303979967;4,914594213;2,524276424
721,000000000;47,358288033;4,820829762;2,506976773
722,000000000;47,412111384;4,731002069;2,489333541
723,000000000;47,465560676;4,644781691;2,471354432
724,000000000;47,518727426;4,561896164;2,453047811
725,000000000;47,571686704;4,482119504;2,434423154
726,000000000;47,624503252;4,405258111;2,415489933
727,000000000;47,677233148;4,331145042;2,396257747
728,000000000;47,729925492;4,259634975;2,376736283
729,000000000;47,782623680;4,190600366;2,356935296
730,000000000;47,835368351;4,123926015;2,336863842
731,000000000;47,888193983;4,059512146;2,316531855
732,000000000;47,941133553;3,997267344;2,295948607
733,000000000;47,994217691;3,937108912;2,275123209
734,000000000;48,047474290;3,878962556;2,254064922
735,000000000;48,100930272;3,822759797;2,232782594
736,000000000;48,154610425;3,768438750;2,211285235
737,000000000;48,208538663;3,715942346;2,189581608
738,000000000;48,262738243;3,665217821;2,167680225
739,000000000;48,317230227;3,616217817;2,145590035
740,000000000;48,372037018;3,568896884;2,123319065
741,000000000;48,427178816;3,523214480;2,100875899
742,000000000;48,482675332;3,479133161;2,078269042
743,000000000;48,538546577;3,436617824;2,055506638
744,000000000;48,594811560;3,395636610;2,032597039
745,000000000;48,651489632;3,356159746;2,009548293
746,000000000;48,708600119;3,318159778;1,986368325
747,000000000;48,766160692;3,281612506;1,963065631
748,000000000;48,824189939;3,246495170;1,939648253
749,000000000;48,882706909;3,212786787;1,916123997
750,000000000;48,941729614;3,180468974;1,892501058
751,000000000;49,001276837;3,149524840;1,868787311
752,000000000;49,061367177;3,119939515;1,844990719
753,000000000;49,122019000;3,091700116;1,821119367
754,000000000;49,183251537;3,064795216;1,797181043
755,000000000;49,245083717;3,039215401;1,773183725
756,000000000;49,307534550;3,014953065;1,749135435
757,000000000;49,370623851;2,992002152;1,725043981
758,000000000;49,434372217;2,970358246;1,700916991
759,000000000;49,498800065;2,950018948;1,676762295
760,000000000;49,563927349;2,930983930;1,652588038
761,000000000;49,629776482;2,913254126;1,628401609
762,000000000;49,696369711;2,896832640;1,604210646
763,000000000;49,763729531;2,881724638;1,580022897
764,000000000;49,831880409;2,867937068;1,555845619
765,000000000;49,900846239;2,855479319;1,531686513
766,000000000;49,970652787;2,844362828;1,507552881
767,000000000;50,041327009;2,834601389;1,483451902
768,000000000;50,112896663;2,826211368;1,459390792
769,000000000;50,185391942;2,819211682;1,435376296
770,000000000;50,258842573;2,813624303;1,411415687
771,000000000;50,333282676;2,809474049;1,387515210
772,000000000;50,408746720;2,806789213;1,363681467
773,000000000;50,485271285;2,805601671;1,339920885
774,000000000;50,562896584;2,805947225;1,316239311
775,000000000;50,641664585;2,807866019;1,292642678
776,000000000;50,721620445;2,811402933;1,269136630
777,000000000;50,802813623;2,816608147;1,245726297
778,000000000;50,885296651;2,823537640;1,222416764
779,000000000;50,969125978;2,832253822;1,199212926
780,000000000;51,054364013;2,842826458;1,176119055
781,000000000;51,141078841;2,855333525;1,153139052
782,000000000;51,229343855;2,869862090;1,130276707
783,000000000;51,319240691;2,886509848;1,107535127
784,000000000;51,410858614;2,905386343;1,084917136
785,000000000;51,504295433;2,926614588;1,062425289
786,000000000;51,599659672;2,950333243;1,040061638
787,000000000;51,697072877;2,976699286;1,017827543
788,000000000;51,796668885;3,005890255;0,000000001
789,000000000;51,898598604;3,038108454;0,000000001
790,000000000;52,003029967;3,073584425;0,000000001
791,000000000;52,110151398;3,112582143;0,000000001
792,000000000;52,220175828;3,155405421;0,000000001
793,000000000;52,333342380;3,202404572;0,000000001
794,000000000;52,449919605;3,253984837;0,000000001
795,000000000;52,570209981;3,310616981;0,000000001
796,000000000;52,694549571;3,372847442;0,000000001
797,000000000;52,823309869;3,441311226;0,000000001
798,000000000;52,956890606;3,516741840;0,000000001
799,000000000;53,095706532;3,599978335;0,000000001
800,000000000;53,240156465;3,691960268;0,000000001
801,000000000;53,390568411;3,793700965;0,000000001
802,000000000;53,547110521;3,906222617;0,000000001
803,000000000;53,709667223;4,030437905;0,000000001
804,000000000;53,877709279;4,166983230;0,000000001
805,000000000;54,050237580;4,316062626;0,000000001
806,000000000;54,225894953;4,477411130;0,000000001
807,000000000;54,403301807;4,650500650;0,000000001
808,000000000;54,581482721;4,834951547;0,000000001
809,000000000;54,760232557;5,031037760;0,000000001
810,000000000;54,938292639;5,237735112;0,000000001
811,000000000;55,108098636;5,445755004;0,000000001
812,000000000;55,270504937;5,654960795;0,000000001
813,000000000;55,426405882;5,865462843;0,000000001
814,000000000;55,576534019;6,077338168;0,000000001
815,000000000;55,721491186;6,290626139;0,000000001
816,000000000;55,861777151;6,505332887;0,000000001
817,000000000;55,997810856;6,721434847;0,000000001
818,000000000;56,129947822;6,938883939;0,000000001
819,000000000;56,258492265;7,157610072;0,000000001
820,000000000;56,381601114;7,373769532;0,000000001
821,000000000;56,496960357;7,582267770;0,000000001
822,000000000;56,606079503;7,784775636;0,000000001
823,000000000;56,710025083;7,982442326;0,000000001
824,000000000;56,809577961;8,176077463;0,000000001
825,000000000;56,905334293;8,366275589;0,000000001
826,000000000;56,997763116;8,553485130;0,000000001
827,000000000;57,087247027;8,738060577;0,000000001
828,000000000;57,174099141;8,920276614;0,000000001
829,000000000;57,258587866;9,100364699;0,000000001
830,000000000;57,340938579;9,278505713;0,000000001
831,000000000;57,421349978;9,454856372;0,000000001
832,000000000;57,499994020;9,629542646;0,000000001
833,000000000;57,577023852;9,802671829;0,000000001
834,000000000;57,652580555;9,974343621;0,000000001
835,000000000;57,726791873;10,144643985;0,000000001
836,000000000;57,799771417;10,313640186;0,000000001
837,000000000;57,871631643;10,481408292;0,000000001
838,000000000;57,942472044;10,648003714;0,000000001
839,000000000;58,012395900;10,813498477;0,000000001
840,000000000;58,081495377;10,977944462;0,000000001
841,000000000;58,149864732;11,141402870;0,000000001
842,000000000;58,217598343;11,303938054;0,000000001
843,000000000;58,284794188;11,465624217;0,000000001
844,000000000;58,351552235;11,626539769;0,000000001
845,000000000;58,417978466;11,786774962;0,000000001
846,000000000;58,484191761;11,946446107;0,000000001
847,000000000;58,550319522;12,105682040;0,000000001
848,000000000;58,616516127;12,264664691;0,000000001
849,000000000;58,682958072;12,423612030;0,000000001
850,000000000;58,749868913;12,582830276;0,000000001
851,000000000;58,817535808;12,742741682;0,000000001
852,000000000;58,886347823;12,903956881;0,000000001
853,000000000;58,956871329;13,067420273;0,000000001
854,000000000;59,030013355;13,234728844;0,000000001
855,000000000;59,107421189;13,408914611;0,000000001
856,000000000;59,188356580;13,587368379;0,000000001
857,000000000;59,269168850;13,761251107;0,000000001
858,000000000;59,349975910;13,930234589;0,000000001
859,000000000;59,428036610;14,088251966;0,000000001
860,000000000;59,495359785;14,219960606;0,000000001
861,000000000;59,556241758;14,335082037;0,000000001
862,000000000;59,612961603;14,438659774;0,000000001
863,000000000;59,666606959;14,533137680;0,000000001
864,000000000;59,717805463;14,619950298;0,000000001
865,000000000;59,766973623;14,700060516;0,000000001
866,000000000;59,814411481;14,774166887;0,000000001
867,000000000;59,860344696;14,842798799;1,005520750
868,000000000;59,904952900;14,906377179;1,022425288
869,000000000;59,948379852;14,965240626;1,039293287
870,000000000;59,990744131;15,019668832;1,056143352
871,000000000;60,032145615;15,069897122;1,072990606
872,000000000;60,072670487;15,116127054;1,089847876
873,000000000;60,112391122;15,158529909;1,106724982
874,000000000;60,151374046;15,197258234;1,123631568
875,000000000;60,189676903;15,232444372;1,140575464
876,000000000;60,227348753;15,264203195;1,157562407
877,000000000;60,264438659;15,292640907;1,174599639
878,000000000;60,300986632;15,317848522;1,191691613
879,000000000;60,337032187;15,339909714;1,208843703
880,000000000;60,372606748;15,358896786;1,226058468
881,000000000;60,407745024;15,374878158;1,243340947
882,000000000;60,442475772;15,387913598;1,260694125
883,000000000;60,476827901;15,398057825;1,278121805
884,000000000;60,510827141;15,405359576;1,295626874
885,000000000;60,544498644;15,409862875;1,313212532
886,000000000;60,577863455;15,411606993;1,330880377
887,000000000;60,610945147;15,410627462;1,348633829
888,000000000;60,643761929;15,406956068;1,366473878
889,000000000;60,676338139;15,400620187;1,384405257
890,000000000;60,708689479;15,391644826;1,402428354
891,000000000;60,740836340;15,380050719;1,420546459
892,000000000;60,772797217;15,365855471;1,438762131
893,000000000;60,804586505;15,349075515;1,457075834
894,000000000;60,836224739;15,329721061;1,475491790
895,000000000;60,867727976;15,307801292;1,494011866
896,000000000;60,899111891;15,283322828;1,512637865
897,000000000;60,930392554;15,256289146;1,531371959
898,000000000;60,961588287;15,226698554;1,550217801
899,000000000;60,992714963;15,194548283;1,569177687
900,000000000;61,023788911;15,159832157;1,588254247
901,000000000;61,054826143;15,122541372;1,607449954
902,000000000;61,085844047;15,082662418;1,626768138
903,000000000;61,116859965;15,040178544;1,646212089
904,000000000;61,147892072;14,995068526;1,665785572
905,000000000;61,178959596;14,947306051;1,685492938
906,000000000;61,210081296;14,896861893;1,705338123
907,000000000;61,241277135;14,843701303;1,725325668
908,000000000;61,272567701;14,787784707;1,745460300
909,000000000;61,303975270;14,729065572;1,765747571
910,000000000;61,335524255;14,667488999;1,786194102
911,000000000;61,367239043;14,602995557;1,806806110
912,000000000;61,399149475;14,535509735;1,827592904
913,000000000;61,431285885;14,464949119;1,848563570
914,000000000;61,463679233;14,391224248;1,869726945
915,000000000;61,496369629;14,314218346;1,891097059
916,000000000;61,529395791;14,233810249;1,912686099
917,000000000;61,562804047;14,149852565;1,934510095
918,000000000;61,596650486;14,062163703;1,956590089
919,000000000;61,630997084;13,970535410;1,978949284
920,000000000;61,665915335;13,874721425;2,001615016
921,000000000;61,701494900;13,774410347;2,024623832
922,000000000;61,737845221;13,669215641;2,048021748
923,000000000;61,775098695;13,558660670;2,071865251
924,000000000;61,813432391;13,442105968;2,096233671
925,000000000;61,853082321;13,318691385;2,121235779
926,000000000;61,894383353;13,187190988;2,147031013
927,000000000;61,937840698;13,045749131;2,173867086
928,000000000;61,984310025;12,891224556;2,202177129
929,000000000;62,035502068;12,717349623;2,232852873
930,000000000;62,096356034;12,506121266;2,268545797
931,000000000;62,151016788;12,312622051;2,299819340
932,000000000;62,209018995;12,103867805;2,332115530
933,000000000;62,258987887;11,921566543;2,359148773
934,000000000;62,304841237;11,752562104;2,383270888
935,000000000;62,348373707;11,590818637;2,405534051
936,000000000;62,390352163;11,433853182;2,426387602
937,000000000;62,431202640;11,280343759;2,446078547
938,000000000;62,471203384;11,129461868;2,464764280
939,000000000;62,510547394;10,980662281;2,482550523
940,000000000;62,549385288;10,833534692;2,499515497
941,000000000;62,587831699;10,687787486;2,515715323
942,000000000;62,625981669;10,543190887;2,531192948
943,000000000;62,663915586;10,399561740;2,545981277
944,000000000;62,701702129;10,256754884;2,560105183
945,000000000;62,739404734;10,114640624;2,573584516
946,000000000;62,777079272;9,973115015;2,586433604
947,000000000;62,814776438;9,832092014;2,598662508
948,000000000;62,852544824;9,691492980;2,610278265
949,000000000;62,890432140;9,551243113;2,621285331
950,000000000;62,928483151;9,411279983;2,631685033
951,000000000;62,966743428;9,271540484;2,641476700
952,000000000;63,005258638;9,131964369;2,650657380
953,000000000;63,044074562;8,992495047;2,659221804
954,000000000;63,083238974;8,853073743;2,667162714
955,000000000;63,122800312;8,713645257;2,674470433
956,000000000;63,162813491;8,574138708;2,681133721
957,000000000;63,203335100;8,434486015;2,687138516
958,000000000;63,244426713;8,294611886;2,692468190
959,000000000;63,286159182;8,154421429;2,697103553
960,000000000;63,328608547;8,013816670;2,701021673
961,000000000;63,371861427;7,872681406;2,704195782
962,000000000;63,416023062;7,730859407;2,706594691
963,000000000;63,461213508;7,588172678;2,708180984
964,000000000;63,507578212;7,444394794;2,708909736
965,000000000;63,555295020;7,299239275;2,708726045
966,000000000;63,604594660;7,152311772;2,707561274
967,000000000;63,655777831;7,003081453;2,705326973
968,000000000;63,708829623;6,851994602;2,701936461
969,000000000;63,762732979;6,702250109;2,697402058
970,000000000;63,817594195;6,553756875;2,691693563
971,000000000;63,873516975;6,406454326;2,684776448
972,000000000;63,930615843;6,260277962;2,676610545
973,000000000;63,989020573;6,115152769;2,667148799
974,000000000;64,048877232;5,970996656;2,656336281
975,000000000;64,110356154;5,827708562;2,644107802
976,000000000;64,173655344;5,685170456;2,630385898
977,000000000;64,239011009;5,543235899;2,615076972
978,000000000;64,300827961;5,413796081;2,599588919
979,000000000;64,360150349;5,293894097;2,583856759
980,000000000;64,417753702;5,181431504;2,567812396
981,000000000;64,474103133;5,075120523;2,551427381
982,000000000;64,529504365;4,974094477;2,534692137
983,000000000;64,584176239;4,877723181;2,517605574
984,000000000;64,638281157;4,785530417;2,500171914
985,000000000;64,691946769;4,697138973;2,482397627
986,000000000;64,745276231;4,612242480;2,464290512
987,000000000;64,798354143;4,530588050;2,445859398
988,000000000;64,851250742;4,451963996;2,427113946
989,000000000;64,904028173;4,376186328;2,408063323
990,000000000;64,956737899;4,303099506;2,388717792
991,000000000;65,009428518;4,232562957;2,369086389
992,000000000;65,062140557;4,164456515;2,349179231
993,000000000;65,114911932;4,098671446;2,329005821
994,000000000;65,167777717;4,035109809;2,308575365
995,000000000;65,220770287;3,973683358;2,287896926
996,000000000;65,273917934;3,914314229;2,266980153
997,000000000;65,327248992;3,856929515;2,245833813
998,000000000;65,380789126;3,801463834;2,224466974
999,000000000;65,434562897;3,747857092;2,202888493
1000,000000000;65,488593704;3,696054177;2,181107133
1001,000000000;65,542903700;3,646004678;2,159131671
1002,000000000;65,597515977;3,597660634;2,136970078
1003,000000000;65,652450237;3,550980191;2,114631339
1004,000000000;65,707727167;3,505923417;2,092123730
1005,000000000;65,763366862;3,462453578;2,069455501
1006,000000000;65,819388667;3,420537080;2,046634985
1007,000000000;65,875811900;3,380142753;2,023670340
1008,000000000;65,932655613;3,341241944;2,000569680
1009,000000000;65,989938060;3,303808745;1,977341324
1010,000000000;66,047678790;3,267818539;1,953992970
1011,000000000;66,105895297;3,233250083;1,930533083
1012,000000000;66,164606635;3,200083164;1,906969453
1013,000000000;66,223830589;3,168300264;1,883310360
1014,000000000;66,283586353;3,137885006;1,859563515
1015,000000000;66,343892115;3,108823456;1,835737055
1016,000000000;66,404767349;3,081102930;1,811838642
1017,000000000;66,466230592;3,054713069;1,787876366
1018,000000000;66,528300591;3,029645242;1,763858300
1019,000000000;66,590997063;3,005892275;1,739792230
1020,000000000;66,654339781;2,983448875;1,715686024
1021,000000000;66,718349289;2,962311388;1,691547379
1022,000000000;66,783046170;2,942478106;1,667384115
1023,000000000;66,848451526;2,923949136;1,643204011
1024,000000000;66,914586877;2,906726482;1,619014859
1025,000000000;66,981474512;2,890814025;1,594824351
1026,000000000;67,049138393;2,876217432;1,570639785
1027,000000000;67,117602251;2,862944702;1,546468773
1028,000000000;67,186890465;2,851006022;1,522318937
1029,000000000;67,257030124;2,840413576;1,498197228
1030,000000000;67,328047968;2,831182228;1,474111018
1031,000000000;67,399972666;2,823329301;1,450067344
1032,000000000;67,472834856;2,816874828;1,426072948
1033,000000000;67,546665302;2,811841915;1,402134918
1034,000000000;67,621498254;2,808256695;1,378259632
1035,000000000;67,697369063;2,806148809;1,354453597
1036,000000000;67,774316139;2,805551610;1,330722877
1037,000000000;67,852379637;2,806502555;1,307073575
1038,000000000;67,931603125;2,809043571;1,283511389
1039,000000000;68,012033320;2,813221532;1,260041786
1040,000000000;68,093719982;2,819088737;1,236670121
1041,000000000;68,176718433;2,826703668;1,213401026
1042,000000000;68,261086993;2,836131475;1,190239267
1043,000000000;68,346889978;2,847444977;1,167189035
1044,000000000;68,434197420;2,860725545;1,144254197
1045,000000000;68,523085684;2,876064185;1,121438309
1046,000000000;68,613639242;2,893562997;1,098744369
1047,000000000;68,705950494;2,913336516;1,076175106
1048,000000000;68,800121518;2,935513622;1,053732812
1049,000000000;68,896266071;2,960239872;1,031419188
1050,000000000;68,994509458;2,987679659;1,009235736
1051,000000000;69,094992344;3,018019799;0,000000001
1052,000000000;69,197871942;3,051473029;0,000000001
1053,000000000;69,303322825;3,088281875;0,000000001
1054,000000000;69,411544027;3,128725492;0,000000001
1055,000000000;69,522757664;3,173124618;0,000000001
1056,000000000;69,637214275;3,221849961;0,000000001
1057,000000000;69,755194433;3,275330573;0,000000001
1058,000000000;69,877013959;3,334065391;0,000000001
1059,000000000;70,003022658;3,398633673;0,000000001
1060,000000000;70,133604164;3,469707573;0,000000001
1061,000000000;70,269166816;3,548061413;0,000000001
1062,000000000;70,410124093;3,634574854;0,000000001
1063,000000000;70,556854685;3,730220422;0,000000001
1064,000000000;70,709637954;3,836025733;0,000000001
1065,000000000;70,868547489;3,952987284;0,000000001
1066,000000000;71,033321722;4,081932425;0,000000001
1067,000000000;71,203247676;4,223343962;0,000000001
1068,000000000;71,377161514;4,377236822;0,000000001
1069,000000000;71,553649319;4,543206740;0,000000001
1070,000000000;71,731436472;4,720724863;0,000000001
1071,000000000;71,909810761;4,909604732;0,000000001
1072,000000000;72,088939836;5,110515433;0,000000001
1073,000000000;72,263700653;5,317729726;0,000000001
1074,000000000;72,430537939;5,526190615;0,000000001
1075,000000000;72,590341885;5,735883902;0,000000001
1076,000000000;72,743940359;5,946907918;0,000000001
1077,000000000;72,892011696;6,159324768;0,000000001
1078,000000000;73,035115280;6,373160252;0,000000001
1079,000000000;73,173717488;6,588408564;0,000000001
1080,000000000;73,308211178;6,805036361;0,000000001
1081,000000000;73,438930814;7,022986772;0,000000001
1082,000000000;73,566163625;7,242182050;0,000000001
1083,000000000;73,686059170;7,455135252;0,000000001
1084,000000000;73,798856119;7,661152732;0,000000001
1085,000000000;73,905868070;7,861675403;0,000000001
1086,000000000;74,008035581;8,057702203;0,000000001
1087,000000000;74,106058179;8,249946789;0,000000001
1088,000000000;74,200477461;8,438940644;0,000000001
1089,000000000;74,291728018;8,625096685;0,000000001
1090,000000000;74,380160938;8,808731190;0,000000001
1091,000000000;74,466071685;8,990102815;0,000000001
1092,000000000;74,549709090;9,169418397;0,000000001
1093,000000000;74,631288343;9,346850523;0,000000001
1094,000000000;74,710996304;9,522541416;0,000000001
1095,000000000;74,788999005;9,696613335;0,000000001
1096,000000000;74,865445456;9,869172340;0,000000001
1097,000000000;74,940468377;10,040305984;0,000000001
1098,000000000;75,014190824;10,210095058;0,000000001
1099,000000000;75,086726307;10,378611273;0,000000001
1100,000000000;75,158181412;10,545920983;0,000000001
1101,000000000;75,228656602;10,712085024;0,000000001
1102,000000000;75,298250551;10,877167108;0,000000001
1103,000000000;75,367058059;11,041227238;0,000000001
1104,000000000;75,435170786;11,204321720;0,000000001
1105,000000000;75,502685817;11,366522053;0,000000001
1106,000000000;75,569700266;11,527900362;0,000000001
1107,000000000;75,636317346;11,688542099;0,000000001
1108,000000000;75,702646283;11,848543695;0,000000001
1109,000000000;75,768810107;12,008028762;0,000000001
1110,000000000;75,834945061;12,167143376;0,000000001
1111,000000000;75,901212424;12,326080168;0,000000001
1112,000000000;75,967806725;12,485091937;0,000000001
1113,000000000;76,034969512;12,644515725;0,000000001
1114,000000000;76,103024131;12,804841826;0,000000001
1115,000000000;76,172415231;12,966784429;0,000000001
1116,000000000;76,243814943;13,131489970;0,000000001
1117,000000000;76,318341297;13,300961471;0,000000001
1118,000000000;76,398196359;13,479320565;0,000000001
1119,000000000;76,479075718;13,656033646;0,000000001
1120,000000000;76,559867621;13,828030555;0,000000001
1121,000000000;76,640716655;13,995018227;0,000000001
1122,000000000;76,713795817;14,141016389;0,000000001
1123,000000000;76,778227301;14,265446744;0,000000001
1124,000000000;76,837342930;14,375767551;0,000000001
1125,000000000;76,892796400;14,475661928;0,000000001
1126,000000000;76,945448008;14,567078119;0,000000001
1127,000000000;76,995830366;14,651238232;0,000000001
1128,000000000;77,044307996;14,728987620;0,000000001
1129,000000000;77,091149446;14,800952729;0,000000001
1130,000000000;77,136559783;14,867615247;1,011971546
1131,000000000;77,180703682;14,929361655;1,028860259
1132,000000000;77,223712474;14,986503486;1,045719397
1133,000000000;77,265698726;15,039304581;1,062566764
1134,000000000;77,306755631;15,087985206;1,079416094
1135,000000000;77,346966669;15,132737916;1,096280204
1136,000000000;77,386399238;15,173723421;1,113167757
1137,000000000;77,425117746;15,211087600;1,130088297
1138,000000000;77,463174759;15,244954154;1,147048107
1139,000000000;77,500620399;15,275435582;1,164053983
1140,000000000;77,537498475;15,302630725;1,181111305
1141,000000000;77,573849900;15,326628731;1,198225378
1142,000000000;77,609711170;15,347508828;1,215400556
1143,000000000;77,645116612;15,365342644;1,232641155
1144,000000000;77,680096188;15,380193819;1,249950256
1145,000000000;77,714680303;15,392120851;1,267331949
1146,000000000;77,748894023;15,401175307;1,284788367
1147,000000000;77,782765052;15,407404842;1,302323627
1148,000000000;77,816315919;15,410851403;1,319939782
1149,000000000;77,849569493;15,411553000;1,337639573
1150,000000000;77,882549073;15,409543371;1,355426475
1151,000000000;77,915272515;15,404852716;1,373301464
1152,000000000;77,947760302;15,397507629;1,391267309
1153,000000000;77,980032767;15,387530861;1,409327078
1154,000000000;78,012105753;15,374943147;1,427481644
1155,000000000;78,043998981;15,359760642;1,445734341
1156,000000000;78,075729240;15,341997321;1,464087104
1157,000000000;78,107313988;15,321663659;1,482542477
1158,000000000;78,138769783;15,298767509;1,501102678
1159,000000000;78,170112923;15,273313881;1,519769936
1160,000000000;78,201360264;15,245304262;1,538546953
1161,000000000;78,232528478;15,214737115;1,557436443
1162,000000000;78,263632253;15,181609947;1,576439992
1163,000000000;78,294689075;15,145914457;1,595560943
1164,000000000;78,325717291;15,107637842;1,614803221
1165,000000000;78,356732788;15,066766991;1,634169235
1166,000000000;78,387752806;15,023284070;1,653662194
1167,000000000;78,418797170;14,977164120;1,673286878
1168,000000000;78,449881820;14,928384496;1,693045513
1169,000000000;78,481028554;14,876910080;1,712943902
1170,000000000;78,512256663;14,822705819;1,732986080
1171,000000000;78,543589500;14,765725706;1,753178461
1172,000000000;78,575047397;14,705925021;1,773525236
1173,000000000;78,606656857;14,643243164;1,794034240
1174,000000000;78,638444913;14,577613246;1,814713251
1175,000000000;78,670437425;14,508965866;1,835568790
1176,000000000;78,702667972;14,437209747;1,856611817
1177,000000000;78,735168853;14,362250113;1,877851761
1178,000000000;78,767981897;14,283963422;1,899303440
1179,000000000;78,801146134;14,202224978;1,920978839
1180,000000000;78,834716789;14,116861603;1,942899312
1181,000000000;78,868745213;14,027699425;1,965082205
1182,000000000;78,903299754;13,934509165;1,987554147
1183,000000000;78,938459172;13,837019236;2,010346277
1184,000000000;78,974318673;13,734895712;2,033497561
1185,000000000;79,010993972;13,627725842;2,057056562
1186,000000000;79,048634837;13,514971506;2,081088936
1187,000000000;79,087438449;13,395918084;2,105684080
1188,000000000;79,127672355;13,269588162;2,130966784
1189,000000000;79,169722955;13,134564104;2,157122864
1190,000000000;79,214201270;12,988602544;2,184455921
1191,000000000;79,262188686;12,827733873;2,213519114
1192,000000000;79,316095614;12,643142279;2,245583379
1193,000000000;79,385226953;12,401003556;2,285698769
1194,000000000;79,437505323;12,214314347;2,315210539
1195,000000000;79,490509938;12,022292577;2,344344402
1196,000000000;79,538288135;11,847152025;2,369879692
1197,000000000;79,582999785;11,681743271;2,393116577
1198,000000000;79,625791827;11,522282077;2,414729667
1199,000000000;79,667241996;11,366932690;2,435056502
1200,000000000;79,707696421;11,214642245;2,454296193
1201,000000000;79,747391931;11,064719732;2,472580968
1202,000000000;79,786499097;10,916692521;2,490002438
1203,000000000;79,825153129;10,770200252;2,506629099
1204,000000000;79,863459956;10,624978391;2,522511086
1205,000000000;79,901506940;10,480822030;2,537686307
1206,000000000;79,939369030;10,337565598;2,552183943
1207,000000000;79,977113232;10,195068170;2,566026837
1208,000000000;80,014797322;10,053220048;2,579231522
1209,000000000;80,052476198;9,911920124;2,591810900
1210,000000000;80,090198418;9,771090035;2,603773301
1211,000000000;80,128013453;9,630647983;2,615125036
1212,000000000;80,165967410;9,490525691;2,625869062
1213,000000000;80,204103920;9,350665787;2,636005438
1214,000000000;80,242469858;9,211001657;2,645532859
1215,000000000;80,281108862;9,071482046;2,654446891
1216,000000000;80,320068757;8,932044936;2,662741746
1217,000000000;80,359398986;8,792628070;2,670409408
1218,000000000;80,399147301;8,653181570;2,677438920
1219,000000000;80,439372461;8,513624582;2,683818436
1220,000000000;80,480132173;8,373889345;2,689532641
1221,000000000;80,521491355;8,233894053;2,694563792
1222,000000000;80,563523243;8,093541668;2,698891177
1223,000000000;80,606309852;7,952721337;2,702490413
1224,000000000;80,649944062;7,811304976;2,705332779
1225,000000000;80,694534811;7,669134891;2,707384435
1226,000000000;80,740213488;7,526009790;2,708605072
1227,000000000;80,787139913;7,381674742;2,708945814
1228,000000000;80,835510941;7,235806312;2,708346349
1229,000000000;80,885584337;7,087957468;2,706730376
1230,000000000;80,937703938;6,937510022;2,703998028
1231,000000000;80,991111592;6,787016080;2,700115732
1232,000000000;81,045417702;6,637819831;2,695076973
1233,000000000;81,100725168;6,489849571;2,688849834
1234,000000000;81,157142332;6,343042610;2,681397424
1235,000000000;81,214789717;6,197330769;2,672676770
1236,000000000;81,273803633;6,052636431;2,662637604
1237,000000000;81,334340161;5,908869374;2,651220799
1238,000000000;81,396581200;5,765920860;2,638356100
1239,000000000;81,460739677;5,623662491;2,623959623
1240,000000000;81,524415759;5,487504763;2,608592764
1241,000000000;81,585057065;5,362412519;2,593015109
1242,000000000;81,643585854;5,245831443;2,577157089
1243,000000000;81,700617960;5,136078486;2,560971479
1244,000000000;81,756537746;5,032077129;2,544439913
1245,000000000;81,811609210;4,933073842;2,527557008
1246,000000000;81,866025393;4,838509434;2,510323976
1247,000000000;81,919932180;4,747954281;2,492746224
1248,000000000;81,973445174;4,661064964;2,474831113
1249,000000000;82,026659573;4,577558602;2,456586761
1250,000000000;82,079653364;4,497201112;2,438022418
1251,000000000;82,132492350;4,419794348;2,419147818
1252,000000000;82,185235277;4,345165034;2,399972125
1253,000000000;82,237931513;4,273165430;2,380505356
1254,000000000;82,290626569;4,203663374;2,360756839
1255,000000000;82,343359743;4,136543862;2,340736446
1256,000000000;82,396167403;4,071703296;2,320453657
1257,000000000;82,449083115;4,009048357;2,299917744
1258,000000000;82,502136450;3,948496453;2,279138424
1259,000000000;82,555357807;3,889969445;2,258124146
1260,000000000;82,608773418;3,833398780;2,236884171
1261,000000000;82,662408793;3,778721026;2,215427345
1262,000000000;82,716287389;3,725878848;2,193762721
1263,000000000;82,770432802;3,674818442;2,171898770
1264,000000000;82,824867206;3,625490816;2,149844072
1265,000000000;82,879611890;3,577850952;2,127607172
1266,000000000;82,934687713;3,531857169;2,105196448
1267,000000000;82,990114758;3,487471222;2,082620304
1268,000000000;83,045912357;3,444658057;2,059887203
1269,000000000;83,102100732;3,403384438;2,037005038
1270,000000000;83,158698235;3,363620903;2,013982293
1271,000000000;83,215724078;3,325339610;1,990826963
1272,000000000;83,273196488;3,288515566;1,967547334
1273,000000000;83,331134982;3,253125064;1,944151088
1274,000000000;83,389557008;3,219147725;1,920646685
1275,000000000;83,448481332;3,186564329;1,897042019
1276,000000000;83,507926535;3,155357728;1,873345049
1277,000000000;83,567911192;3,125512693;1,849563741
1278,000000000;83,628453868;3,097015885;1,825706094
1279,000000000;83,689573351;3,069855720;1,801780061
1280,000000000;83,751288940;3,044022258;1,777793459
1281,000000000;83,813619648;3,019507547;1,753754293
1282,000000000;83,876585060;2,996305267;1,729670444
1283,000000000;83,940205248;2,974410812;1,705549713
1284,000000000;84,004500666;2,953821372;1,681399887
1285,000000000;84,069492255;2,934535945;1,657228712
1286,000000000;84,135201330;2,916555418;1,633043958
1287,000000000;84,201649921;2,899882532;1,608853304
1288,000000000;84,268860720;2,884521982;1,584664383
1289,000000000;84,336857737;2,870480377;1,560484572
1290,000000000;84,405664760;2,857766667;1,536321561
1291,000000000;84,475307652;2,846391794;1,512182564
1292,000000000;84,545813263;2,836369084;1,488074743
1293,000000000;84,617208973;2,827714441;1,464005382
1294,000000000;84,689524026;2,820446325;1,439981476
1295,000000000;84,762789078;2,814586029;1,416009914
1296,000000000;84,837036579;2,810157868;1,392097406
1297,000000000;84,912301256;2,807189422;1,368250375
1298,000000000;84,988619062;2,805711859;1,344475345
1299,000000000;85,066029652;2,805760185;1,320778224
1300,000000000;85,144574764;2,807373687;1,297164890
1301,000000000;85,224299024;2,810596310;1,273641015
1302,000000000;85,305250491;2,815477144;1,250211987
1303,000000000;85,387481359;2,822071018;1,226882816
1304,000000000;85,471047645;2,830439090;1,203658334
1305,000000000;85,556010967;2,840649712;1,180542833
1306,000000000;85,642436462;2,852778984;1,157540774
1307,000000000;85,730398609;2,866912444;1,134655395
1308,000000000;85,819975569;2,883145356;1,111890411
1309,000000000;85,911255816;2,901584982;1,089248503
1310,000000000;86,004334924;2,922351489;1,066732401
1311,000000000;86,099320268;2,945580586;1,044344006
1312,000000000;86,196329942;2,971425329;1,022085009
1313,000000000;86,295496070;3,000059285;0,000000001
1314,000000000;86,396964862;3,031679329;0,000000001
1315,000000000;86,500901691;3,066510487;0,000000001
1316,000000000;86,607491421;3,104810115;0,000000001
1317,000000000;86,716940845;3,146873441;0,000000001
1318,000000000;86,829484697;3,193041576;0,000000001
1319,000000000;86,945384526;3,243708032;0,000000001
1320,000000000;87,064936802;3,299330438;0,000000001
1321,000000000;87,188471570;3,360440053;0,000000001
1322,000000000;87,316352736;3,427653475;0,000000001
1323,000000000;87,448976240;3,501685056;0,000000001
1324,000000000;87,586755435;3,583353359;0,000000001
1325,000000000;87,730095277;3,673579682;0,000000001
1326,000000000;87,879343662;3,773367154;0,000000001
1327,000000000;88,034707996;3,883743629;0,000000001
1328,000000000;88,196137144;4,005654151;0,000000001
1329,000000000;88,363189237;4,139801770;0,000000001
1330,000000000;88,534954090;4,286482664;0,000000001
1331,000000000;88,710122996;4,445513771;0,000000001
1332,000000000;88,887287860;4,616390416;0,000000001
1333,000000000;89,065363116;4,798665787;0,000000001
1334,000000000;89,243974606;4,992449674;0,000000001
1335,000000000;89,423707522;5,198903565;0,000000001
1336,000000000;89,595015279;5,406717339;0,000000001
1337,000000000;89,758734041;5,615692307;0,000000001
1338,000000000;89,915792862;5,825944594;0,000000001
1339,000000000;90,066952601;6,037558655;0,000000001
1340,000000000;90,212837301;6,250580801;0,000000001
1341,000000000;90,353963806;6,465022751;0,000000001
1342,000000000;90,490764948;6,680866416;0,000000001
1343,000000000;90,623607042;6,898068018;0,000000001
1344,000000000;90,752803116;7,116561407;0,000000001
1345,000000000;90,877571011;7,334395382;0,000000001
1346,000000000;90,994235423;7,544168424;0,000000001
1347,000000000;91,104417890;7,747684596;0,000000001
1348,000000000;91,209255493;7,946178488;0,000000001
1349,000000000;91,309571949;8,140509759;0,000000001
1350,000000000;91,405991278;8,331304257;0,000000001
1351,000000000;91,499003567;8,519034990;0,000000001
1352,000000000;91,589007795;8,704076437;0,000000001
1353,000000000;91,676327501;8,886714483;0,000000001
1354,000000000;91,761236289;9,067183040;0,000000001
1355,000000000;91,843966773;9,245671415;0,000000001
1356,000000000;91,924721891;9,422339710;0,000000001
1357,000000000;92,003678862;9,597320633;0,000000001
1358,000000000;92,080998154;9,770733917;0,000000001
1359,000000000;92,156817845;9,942669271;0,000000001
1360,000000000;92,231269243;10,113217870;0,000000001
1361,000000000;92,304470395;10,282454869;0,000000001
1362,000000000;92,376531046;10,450448120;0,000000001
1363,000000000;92,447553106;10,617257012;0,000000001
1364,000000000;92,517639526;10,782951453;0,000000001
1365,000000000;92,586884575;10,947587301;0,000000001
1366,000000000;92,655382604;11,111225293;0,000000001
1367,000000000;92,723227258;11,273927621;0,000000001
1368,000000000;92,790514728;11,435764098;0,000000001
1369,000000000;92,857346171;11,596816235;0,000000001
1370,000000000;92,923825586;11,757170172;0,000000001
1371,000000000;92,990067588;11,916933065;0,000000001
1372,000000000;93,056199440;12,076235176;0,000000001
1373,000000000;93,122370841;12,235249713;0,000000001
1374,000000000;93,188752260;12,394183804;0,000000001
1375,000000000;93,255555710;12,553321320;0,000000001
1376,000000000;93,323055035;12,713060555;0,000000001
1377,000000000;93,391618527;12,873974643;0,000000001
1378,000000000;93,461770911;13,036928876;0,000000001
1379,000000000;93,534335044;13,203357537;0,000000001
1380,000000000;93,610766951;13,375920223;0,000000001
1381,000000000;93,691735184;13,555170619;0,000000001
1382,000000000;93,772564543;13,729916847;0,000000001
1383,000000000;93,853360744;13,899813813;0,000000001
1384,000000000;93,934272920;14,064551769;0,000000001
1385,000000000;94,003108806;14,199965080;0,000000001
1386,000000000;94,064833723;14,317329110;0,000000001
1387,000000000;94,122135588;14,422569993;0,000000001
1388,000000000;94,176228213;14,518405862;0,000000001
1389,000000000;94,227788907;14,606381789;0,000000001
1390,000000000;94,277262079;14,687522340;0,000000001
1391,000000000;94,324962401;14,762559655;0,000000001
1392,000000000;94,371127136;14,832048266;1,002781032
1393,000000000;94,415939691;14,896420154;1,019693734
1394,000000000;94,459549316;14,956026275;1,036566351
1395,000000000;94,502078293;15,011154950;1,053418213
1396,000000000;94,543629515;15,062048352;1,070265064
1397,000000000;94,584290519;15,108912243;1,087119795
1398,000000000;94,624137770;15,151924611;1,103993535
1399,000000000;94,663234787;15,191236729;1,120894297
1400,000000000;94,701641989;15,226985769;1,137830767
1401,000000000;94,739413513;15,259292506;1,154810695
1402,000000000;94,776595688;15,288261820;1,171839902
1403,000000000;94,813229259;15,313986517;1,188922971
1404,000000000;94,849353821;15,336551532;1,206065125
1405,000000000;94,885002565;15,356031231;1,223269606
1406,000000000;94,920209887;15,372494752;1,240541163
1407,000000000;94,955005835;15,386003222;1,257883296
1408,000000000;94,989418397;15,396611766;1,275299239
1409,000000000;95,023473845;15,404370097;1,292792043
1410,000000000;95,057195473;15,409322816;1,310363832
1411,000000000;95,090607944;15,411510499;1,328017998
1412,000000000;95,123734239;15,410969105;1,345757583
1413,000000000;95,156592676;15,407730894;1,363583581
1414,000000000;95,189206022;15,401824167;1,381499793
1415,000000000;95,221594023;15,393273560;1,399508788
1416,000000000;95,253773515;15,382101130;1,417611843
1417,000000000;95,285762867;15,368325360;1,435811374
1418,000000000;95,317579777;15,351961658;1,454109693
1419,000000000;95,349241969;15,333022105;1,472509377
1420,000000000;95,380766331;15,311516013;1,491012734
1421,000000000;95,412169581;15,287449680;1,509622160
1422,000000000;95,443467345;15,260827250;1,528339550
1423,000000000;95,474673883;15,231651412;1,547166085
1424,000000000;95,505808768;15,199916884;1,566106249
1425,000000000;95,536890317;15,165615687;1,585163892
1426,000000000;95,567931742;15,128742432;1,604339773
1427,000000000;95,598951342;15,089283099;1,623637785
1428,000000000;95,629967605;15,047219786;1,643061943
1429,000000000;95,660994803;15,002537218;1,662613575
1430,000000000;95,692055291;14,955205329;1,682299008
1431,000000000;95,723167284;14,905196126;1,702121866
1432,000000000;95,754348267;14,852479624;1,722085130
1433,000000000;95,785622912;14,797009910;1,742196184
1434,000000000;95,817009602;14,738747887;1,762458126
1435,000000000;95,848534190;14,677636824;1,782878556
1436,000000000;95,880222879;14,613614162;1,803464946
1437,000000000;95,912100489;14,546615354;1,824223419
1438,000000000;95,944196506;14,476561257;1,845162596
1439,000000000;95,976546353;14,403353660;1,866294340
1440,000000000;96,009185597;14,326887116;1,887629850
1441,000000000;96,042154643;14,247037799;1,909182577
1442,000000000;96,075497267;14,163665880;1,930967084
1443,000000000;96,109268180;14,076595064;1,953003750
1444,000000000;96,143529496;13,985618666;1,975316166
1445,000000000;96,178350950;13,890497133;1,997930885
1446,000000000;96,213816027;13,790938900;2,020880907
1447,000000000;96,250033008;13,686564425;2,044212106
1448,000000000;96,287129750;13,576914449;2,067978830
1449,000000000;96,325274197;13,461382341;2,092255638
1450,000000000;96,364692146;13,339146929;2,117146322
1451,000000000;96,405697837;13,209057878;2,142799575
1452,000000000;96,448762538;13,069385387;2,169445544
1453,000000000;96,494664769;12,917270499;2,197476278
1454,000000000;96,544906829;12,747205758;2,227671006
1455,000000000;96,603475504;12,544644859;2,262159914
1456,000000000;96,660337201;12,343993266;2,294838281
1457,000000000;96,711119094;12,161847651;2,323291547
1458,000000000;96,762222956;11,976086405;2,351175822
1459,000000000;96,809031824;11,804058757;2,376014815
1460,000000000;96,853174421;11,640424566;2,398790412
1461,000000000;96,895580285;11,482148719;2,420049351
1462,000000000;96,936746650;11,327669675;2,440081489
1463,000000000;96,976988015;11,176038419;2,459066285
1464,000000000;97,016519274;11,026637190;2,477122753
1465,000000000;97,055500085;10,879028344;2,494335488
1466,000000000;97,094056706;10,732881053;2,510767477
1467,000000000;97,132288738;10,587951666;2,526464976
1468,000000000;97,170281520;10,444040721;2,541464079
1469,000000000;97,208109151;10,300984303;2,555792711
1470,000000000;97,245830535;10,158671015;2,569469925
1471,000000000;97,283506426;10,016979151;2,582512737
1472,000000000;97,321191045;9,875809795;2,594933147
1473,000000000;97,358932075;9,735087777;2,606738566
1474,000000000;97,396777885;9,594735589;2,617934352
1475,000000000;97,434774077;9,454687189;2,628522745
1476,000000000;97,472964555;9,314884803;2,638503315
1477,000000000;97,511395620;9,175264732;2,647874021
1478,000000000;97,550112941;9,035769423;2,656630310
1479,000000000;97,589162296;8,896345550;2,664765289
1480,000000000;97,628594246;8,756928346;2,672270546
1481,000000000;97,668460780;8,617454921;2,679135165
1482,000000000;97,708819471;8,477851017;2,685346194
1483,000000000;97,749727451;8,338053441;2,690887384
1484,000000000;97,791252736;8,197972852;2,695740467
1485,000000000;97,833470612;8,057509015;2,699883851
1486,000000000;97,876464776;7,916549875;2,703292064
1487,000000000;97,920332735;7,774957485;2,705935278
1488,000000000;97,965189451;7,632561452;2,707778177
1489,000000000;98,011171176;7,489153461;2,708778409
1490,000000000;98,058446690;7,344461262;2,708884528
1491,000000000;98,107227329;7,198131180;2,708032637
1492,000000000;98,157786602;7,049687966;2,706141355
1493,000000000;98,210501311;6,898443544;2,703102863
1494,000000000;98,264129685;6,748298661;2,698924330
1495,000000000;98,318684987;6,599425488;2,693581380
1496,000000000;98,374269326;6,451760706;2,687040954
1497,000000000;98,430992218;6,305244961;2,679264891
1498,000000000;98,488979180;6,159804623;2,670208310
1499,000000000;98,548371498;6,015358511;2,659818752
1500,000000000;98,609330483;5,871814218;2,648034592
1501,000000000;98,672045130;5,729058809;2,634782412
1502,000000000;98,736738482;5,586956090;2,619974108
1503,000000000;98,799520026;5,453976778;2,604558495
1504,000000000;98,859530903;5,331317258;2,588915207
1505,000000000;98,917621714;5,216646733;2,572975176
1506,000000000;98,974331896;5,108481415;2,556700966
1507,000000000;99,030008275;5,005845543;2,540078283
1508,000000000;99,084892536;4,908046072;2,523103979
1509,000000000;99,139162900;4,814563780;2,505780767
1510,000000000;99,192957383;4,724992610;2,488114305
1511,000000000;99,246384137;4,639009235;2,470112685
1512,000000000;99,299534110;4,556343629;2,451784123
1513,000000000;99,352481209;4,476772860;2,433138225
1514,000000000;99,405290462;4,400103975;2,414184134
1515,000000000;99,458016099;4,326173597;2,394931929
1516,000000000;99,510707550;4,254836648;2,375391027
1517,000000000;99,563408175;4,185966307;2,355571065
1518,000000000;99,616156789;4,119450272;2,335481681
1519,000000000;99,668988699;4,055188123;2,315132409
1520,000000000;99,721937480;3,993088196;2,294532207
1521,000000000;99,775032714;3,933069445;2,273690523
1522,000000000;99,828302326;3,875057873;2,252616548
1523,000000000;99,881772598;3,818985979;2,231319336
1524,000000000;99,935468876;3,764791555;2,209807630
1525,000000000;99,989415090;3,712417797;2,188090149
1526,000000000;100,000000000;3,702380112;2,183818149
