Ano;Dia Juliano;Hora;Temp. Interna (ºC);Pressão Atmosfé-rica    (hPa);Temp. do Ar 2m     (ºC);Umidade Relativa do Ar 2m (%);Temp. Máxima do Ar  2m (ºC);Temp. Mínima do Ar  2m (ºC);Velocidade do Vento 10m      (m/s);Direção do Vento 10m (graus);Velocidade do Vento Máxima (m/s)       ;Direção da Velocidade do  Vento Máxima (graus);Precipitação Pluviométrica (mm);Radiação Solar Total (kJ/m2);Nivel de água    (m);Temp. do  Solo 10cm (ºC);Temp. do Solo 20 cm (ºC);Temp. do Solo 50 cm (ºC);Umidade do Solo (%);Fluxo de calor no Solo (kJ/m2);Bateria (volts);Corrente do Painel Solar  (mA);Código II
2013;91;100;26,11;986,92;26,86;77,7;27,19;26,86;5,286;42,51;7,48;46,64;0;0;0;-26,84;33,22;33,84;18,52;60,76;11,96;-153,3;41
2013;91;200;25,59;986,44;26,42;79,7;26,9;26,42;5,016;41,9;6,623;39,81;0;0;0;-26,82;32,81;33,55;18,51;64,61;11,9;-154,7;41
2013;91;300;25,26;986,4;26,28;80,6;26,51;26,25;4,475;41,66;7,07;49,74;0;0;0;-26,82;32,41;33,26;18,5;67,72;12,07;-158,4;41
2013;91;400;25,13;986,47;26,07;80,5;26,46;26,04;3,829;34,66;5,864;52,35;0;0;0;-26,82;32,04;32,97;18,49;68,3;10,15;-233,6;41
2013;91;500;25,13;986,97;26,01;81,2;26,27;25,99;3,062;32,03;4,419;28,95;0;0;0;-26,83;31,72;32,7;18,48;66,9;10,17;-157,3;41
2013;91;600;24,74;987,23;26,17;78,1;26,17;25,79;2,523;50,31;3,807;45,68;0;23,696;0;-26,83;31,44;32,45;18,47;64,49;11,88;-111,1;41
2013;91;700;27,98;987,66;27,89;65,66;27,89;26,19;3,942;64,36;5,846;49,63;0;556,24;0;-26,84;31,19;32,21;18,46;63,8;10,26;-59,77;41
2013;91;1300;42,66;984,95;35,15;38,46;35,72;34,54;3,175;156,2;5,113;134,9;0,2;1877,7;0;-26,94;36,43;33,73;18,77;-88,1;12,76;198,4;41
2013;91;1400;44,67;984,23;35,37;38,06;35,63;34,22;2,812;138,7;5,05;137,9;0;3160,2;0;-26,94;37,71;34,63;18,79;-172,8;12,77;178,5;41
2013;91;1500;45,04;983,89;35,28;37,83;35,75;34,63;3,15;131,9;5,368;151,1;0;2593,7;0;-26,95;38,62;35,51;18,78;-157,5;12,64;103,7;41
2013;91;1600;44,72;983,58;34,98;38,11;35,83;34,14;2,208;138,6;4,01;169;0;1626,2;0;-26,95;39,07;36,23;18,75;-129,2;11,55;31,31;41
2013;91;1700;41,88;983,86;34,12;40,48;35,31;34,12;1,708;145,3;3,402;209,1;0;567,3;0;-26,95;38,99;36,7;18,68;-81,8;12,53;-80,2;41
2013;91;1800;34,46;984,15;32,32;45,44;34,06;32,32;1,527;124,2;3,021;164,5;0;35,893;0;-26,95;38,43;36,85;18,62;-30,22;12,11;-154,4;41
2013;91;1900;31,22;984,52;31,05;48,81;32,3;31,05;0,802;109,9;1,274;142,8;0;0;0;-26,7;37,73;36,77;18,58;3,666;10,31;-158,1;41
2013;92;1200;38,56;985,27;32,68;49,22;34,13;32,24;3,836;71,9;5,99;78,4;0,2;3060;0;-26,93;34,02;33,13;18,57;-95;12,54;1,488;41
2013;92;1300;38,55;984,17;32,73;47,58;34,39;32,37;3,248;80,8;5,679;84,8;0;1811,3;0;-26,94;35,17;33,63;18,58;-120,7;11,21;49,1;41
2013;92;1400;39,74;983,62;34,23;43,16;35,75;32,93;3,173;67,02;5,574;81,7;0;2024,6;0;-26,94;35,9;34,19;18,58;-99,1;12,61;88,4;41
2013;92;1500;40,87;983,23;34,47;40,33;35,9;33,71;3,221;61,64;5,348;33,63;0;2008,2;0;-26,94;36,45;34,68;18,58;-92,3;11,33;72,4;41
2013;92;1600;43,14;983,09;35,22;36,36;35,84;34,42;3,226;83,4;5,493;68,5;0;1544,2;0;-26,93;36,83;35,12;18,57;-80,7;12,55;83,2;41
2013;92;1700;40,4;982,95;34,26;38,77;35,26;34,2;3,166;87,4;4,749;81,9;0;564,7;0;-26,94;36,87;35,43;18,53;-53,96;12,5;-24,96;41
2013;92;1800;33,98;983,14;32,38;43,97;34,27;32,38;2,218;60,38;4,098;75,4;0;44,352;0;-26,93;36,54;35,56;18,5;-16,42;10,73;-146,5;41
2013;92;1900;30,64;983,75;29,57;66,49;32,42;29,57;4,793;29,4;7,07;11,27;0;0;0;-26,66;36,04;35,52;18,46;11,5;12,2;-150,2;41
2013;92;2000;28,75;984,95;28,53;64,52;29,59;28,5;4,749;28,97;7,69;1,12;0;0;0;-26,79;35,5;35,35;18,44;33,24;10,37;-153,6;41
2013;93;900;33,26;987,05;29,68;62,98;30,3;29,11;3,003;78,7;4,09;101;0,2;547,4;0;-26,9;31,59;32,16;18,38;1,937;12,55;23,08;41
2013;93;1000;34,46;986,95;31,4;53,84;31,4;29,37;3,375;77;4,92;73,3;0;2033,8;0;-26,94;32,13;32,2;18,42;-25,1;11,32;318;41
2013;93;1100;36,01;986,2;31,08;54,31;32,97;30,82;3,65;93,1;5,814;88,1;0;2065,9;0;-26,94;32,9;32,42;18,45;-66,76;12,86;95,1;41
2013;93;1200;36,94;985,33;31,52;50,4;32,75;31,21;3,266;95;5,569;90,7;0;1868,2;0;-26,94;33,72;32,79;18,47;-84,1;11,29;85,7;41
2013;93;1300;36,71;984,46;32,18;49,07;33,17;31,52;2,299;98,9;4,15;57,12;0;1280,8;0;-26,94;34,4;33,21;18,48;-80,5;12,58;43,99;41
2013;93;1400;38,63;983,57;33,51;46,32;34;32,08;2,337;101;3,83;77;0;1612;0;-26,94;34,84;33,62;18,46;-64,96;12,58;165,8;41
2013;93;1500;38,19;983,07;33,09;47,74;33,89;32,69;1,672;108,2;3,409;86,8;0;1075,1;0;-26,93;35,19;33,95;18,48;-62,05;11,21;55,97;41
2013;93;1600;38,72;982,98;33,56;46,19;34,02;32,87;1,702;83,6;3,064;140,1;0;1053,1;0;-26,93;35,5;34,26;18,46;-57,6;11,27;91,4;41
2013;93;1700;38,35;982,96;32,88;48,04;34;32,81;1,199;167,6;2,335;166,5;0;395,91;0;-26,94;35,58;34,5;18,45;-40,09;12,49;11,99;41
2013;93;1800;33,06;983,06;31,48;51,09;32,94;31,48;0,917;150,4;1,791;87,4;0;36,678;0;-26,94;35,4;34,63;18,42;-15,18;10,46;-158;41
2013;93;1900;30,11;983,37;29,26;66,11;31,47;29,26;2,515;211,2;4,451;220,4;0;0;0;-26,74;35,03;34,62;18,39;8,91;12,09;-152,5;41
2013;93;2000;28,16;983,63;28,24;69,09;29,27;28,24;1,372;219;2,006;213,2;0;0;0;-26,72;34,59;34,51;18,37;27,53;10,35;-156,1;41
2013;95;1400;41,79;983,85;33,27;47,91;34,12;33,12;2,273;84,1;3,785;61;0,2;1606,2;0;-26,94;33,04;31,44;18,67;-81,1;12,3;123,3;41
2013;95;1500;40,1;983,15;33,24;46,76;35,19;32,91;2,252;89,1;3,587;38,33;0;1574,6;0;-26,93;33,93;32,04;18,69;-114,4;12,79;148,8;41
2013;95;1600;41,06;982,99;34,16;43,86;34,61;33,25;2,252;71,4;3,802;42,29;0;1253,8;0;-26,94;34,42;32,61;18,66;-90,8;11,54;342;41
2013;95;1700;37,4;983,28;33,44;45,16;34,3;33,09;1,784;84,8;3,342;109,9;0;282,01;0;-26,92;34,44;32,99;18,62;-53,16;11,19;25,88;41
2013;95;1800;32,63;983,88;31,32;55,54;33,46;31,32;2,997;35,69;4,83;16,06;0;26,283;0;-26,91;34,14;33,16;18,59;-18,87;12,27;-151,1;41
2013;95;1900;30,39;984,38;29,98;62,46;31,34;29,98;4,597;21,54;6,097;16,98;0;0;0;-26,85;33,7;33,17;18,56;7,09;10,61;-156,2;41
2013;95;2000;28,78;985,32;28,41;68,78;29,97;28,4;5,579;25,46;7,94;32,23;0;0;0;-26,7;33,23;33,06;18,53;25,79;12,18;-164,9;41
2013;95;2100;27,41;986,23;27,46;75,3;28,39;27,45;6,229;25,62;8,33;41,89;0;0;0;-26,83;32,77;32,88;18,51;38,3;10,12;-163,3;41
2013;95;2200;26,44;986,77;26,83;79,1;27,45;26,76;3,965;26,81;5,759;21,29;0;0;0;-26,75;32,32;32,67;18,48;46,67;10,35;-1725;41
2013;95;2300;25,78;986,92;26,38;82,5;26,8;26,38;3,179;22,38;4,69;42,12;0;0;0;-26,83;31,9;32,43;18,47;52,03;11,96;-160,8;41
2013;95;2400;25,01;986,38;25,58;87,5;26,36;25,58;1,914;11,99;2,733;35,05;0;0;0;-26,77;31,52;32,18;18,45;55,3;10,31;-157,7;41
2013;96;100;24,4;985,95;25,11;90,9;25,8;25,1;1,544;0,51;2,522;9,24;0;0;0;-26,84;31,17;31,94;18,44;57,16;12;-152,9;41
2013;96;200;24;985,55;24,94;91,5;25,2;24,94;0,907;324,1;1,383;315,7;0;0;0;-26,78;30,86;31,7;18,43;57,92;11,93;-153,5;41
2013;96;300;23,39;985,28;24,49;93,7;24,9;24,4;0,498;354,1;1,465;327,8;0;0;0;-26,77;30,59;31,47;18,42;57,39;12,1;-157,9;41
2013;96;400;23,68;985,46;24,74;92,8;24,8;24,47;0,608;347,4;1,267;356,3;0;0;0;-26,83;30,33;31,26;18,41;57,47;10,27;-158,3;41
2013;96;500;23,47;985,83;24,54;95,5;24,74;24,24;0,462;23,81;1,565;69,95;0;0;0;-26,81;30,12;31,06;18,41;54,64;10,24;-158,3;41
2013;96;600;23,72;986,37;25;93,8;25;24,56;0,371;317,2;0,919;316,4;0;13,094;0;-26,85;29,94;30,88;18,39;53,42;11,91;-135,5;41
2013;96;700;25,3;987,05;26,38;90;26,4;25,02;1,262;65,72;2,687;51,63;0;265,33;0;-26,87;29,78;30,72;18,4;50,39;12,24;57,22;41
2013;96;800;27,83;987,54;27,3;83,1;27,35;26,46;3,428;79,4;4,92;97,2;0;715,65;0;-26,86;29,73;30,58;18,41;40,16;12,69;72,1;41
2013;96;900;32,05;988,05;30,4;69,17;30,4;27,12;3,152;89,6;4,909;94;0;1733,6;0;-26,91;29,85;30,5;18,43;22,5;12,66;132,8;41
2013;96;1000;34,29;988,24;30,29;62,15;30,7;29,57;3,265;92,4;5,583;86,5;0;1797,1;0;-26,94;30,27;30,51;18,49;-18,08;12,9;148,2;41
2013;96;1100;36,6;987,63;31,92;55,55;32,46;30,31;3,465;93,2;5,436;76,1;0;2276,2;0;-26,94;30,98;30,7;18,53;-55,66;11,15;194,6;41
2013;96;1200;38,96;986,56;33,18;51,13;34,22;31,93;3,341;66,5;5,291;61,76;0;3066,8;0;-26,94;31,9;31,03;18,6;-87,2;11,62;190,8;41
2013;96;1300;40,6;985,25;33,3;46,87;34,99;32,36;3,047;77,9;5,002;66,75;0;2442,8;0;-26,94;33,06;31,53;18,66;-118;12,71;292,4;41
2013;96;1400;41,85;983,91;34,3;43,73;34,95;33,14;3,177;84,8;5,191;97,1;0;2735,3;0;-26,93;34,13;32,15;18,7;-126,5;13,1;358,5;41
2013;96;1500;44,64;983,13;35,19;39,44;36,06;33,69;2,981;78,5;4,983;87,5;0;2440,1;0;-26,92;35,04;32,81;18,71;-127,5;11,78;326,7;41
2013;96;1600;45,07;982,87;34,79;40;35,82;34,69;2,803;75,2;4,72;76,1;0;1681,5;0;-26,92;35,68;33,43;18,71;-116,9;11,71;275,3;41
2013;96;1700;39,75;983,09;33,84;42,07;34,88;33,84;3,005;77,2;4,547;80,7;0;397,67;0;-26,92;35,85;33,92;18,64;-80,7;12,69;-25,12;41
2013;97;1400;40,81;982,69;35,8;40,49;35,95;34,16;2,339;46,5;4,248;31,99;0,2;1170,6;0;-26,94;36,19;33,54;18,61;-123;12,79;68,67;41
2013;97;1500;41,23;982,09;35,5;39,59;36,91;34,68;2,106;119,4;4,529;97,3;0;1477,8;0;-26,93;36,78;34,25;18,58;-118,3;12,69;25,62;41
2013;97;1600;44,18;981,66;35,78;37,05;36,69;34,91;2,361;48,2;4,368;50,16;0;1353,4;0;-26,92;36,97;34,76;18,56;-87,9;12,82;17,68;41
2013;98;1400;43,22;982,14;35,49;44,46;35,57;34,15;1,645;148,4;3,056;124,1;0,2;1988;0;-26,95;34,95;33,16;18,48;-110,3;12,19;498,9;41
2013;98;1500;42,83;981,31;35,17;43,17;36,19;34,6;1,579;6,552;3,948;69,28;0;1461,9;0;-26,95;35,76;33,74;18,48;-112,8;12,34;362,6;41
2013;99;1400;39,29;982,22;32,75;55,34;33,72;31,81;3,178;85,5;6,443;108,6;0,2;2161,7;0;-26,96;32,04;31,28;19,05;-51,75;12,32;55,05;41
2013;99;1500;40,58;981,47;33,89;54,08;34;32,31;3,465;95,7;5,885;70,8;0;2136,3;0;-26,96;32,59;31,63;19,06;-58,68;11,47;44,8;41
2013;99;1600;37,44;981,32;31,05;67,41;34,17;31,05;3,701;65,55;6,333;39,2;0;1001,2;0;-26,96;32,99;31,96;19,06;-53,28;12,45;89,4;41
2013;99;1700;33,27;981,5;29,92;72;31,05;29,92;4,403;21,95;6,037;30,25;0;238,99;0;-26,95;32,95;32,21;19,01;-20,95;11,62;-14,06;41
2013;100;1300;41,54;983,68;33,71;48,91;33,88;32,03;2,93;98,2;5,483;56,43;0,2;3149;0;-26,96;33,23;31,03;19,17;-136,2;12,16;100,6;41
2013;100;1400;42,68;982,78;34,13;42,2;34,44;33,44;3,959;75,1;5,91;95,9;0;3230;0;-26,95;34,59;31,84;19,23;-161,4;12,35;233;41
2013;100;1500;44,39;981,99;34,89;42,09;34,89;33,93;3,565;100,2;5,623;93,1;0;2573,3;0;-26,95;35,61;32,68;19,26;-153,4;12,4;34,53;41
2013;100;1600;44,46;981,74;34,14;41,41;34,9;34,14;2,415;122;4,331;99,9;0;1670,5;0;-26,95;36,2;33,42;19,24;-130;11,88;-144,3;41
2013;100;1700;38,12;981,91;32,89;49,99;34,42;32,89;2,406;84,7;4,334;94;0;448,9;0;-26,95;36,19;33,95;19,18;-81,3;12,58;-74,6;41
2013;100;1800;32,46;982,43;30,85;59,47;32,68;30,84;4,721;25,65;7,04;39,4;0;40,39;0;-26,95;35,76;34,17;19,12;-33,5;12,27;-152,5;41
2013;100;1900;30,56;983,28;30,2;60,33;30,99;30,2;5,117;34,36;6,799;35,72;0;0;0;-26,94;35,11;34,16;19,07;3,162;10,37;-152,6;41
2013;100;2000;29,36;984,32;29,16;65,2;30,24;29,13;4,741;39,38;6,087;76,5;0;0;0;-26,91;34,44;34;19,03;26,03;12,22;-158;41
2013;100;2100;28,15;984,92;28,11;73,5;29,14;28,11;4,659;34,21;6,33;38,73;0;0;0;-26,96;33,8;33,75;19;41,01;10,35;-153,8;41
2013;100;2200;27,32;985,51;27,69;78,4;28,09;27,67;4,485;46,41;6,508;41,78;0;0;0;-26,96;33,22;33,46;18,97;50,2;12,2;-158,3;41
2013;100;2300;26,9;985,54;27,46;80,9;27,72;27,46;4,762;45,51;7,34;36,75;0;0;0;-26,95;32,71;33,16;18,94;54,32;12;-242,4;41
2013;100;2400;26,3;985,02;27,12;81,7;27,47;27,08;4,368;43,08;6,794;40,04;0;0;0;-26,95;32,26;32,85;18,92;56,53;10,32;-158,4;41
2013;101;1300;40,59;984,01;34,62;46,01;34,62;32,74;3,423;101,3;4,829;73,3;0,2;1995,8;0;-26,96;34,36;32,09;19,12;-98,8;12,51;32,57;41
2013;101;1400;41,57;982,89;35,18;41,52;35,18;33,42;3,375;112,6;5,479;101,3;0;2521,4;0;-26,95;35,39;32,83;19,16;-136,1;12,55;284,2;41
2013;101;1500;44,54;982,31;35,21;39,2;35,79;34,16;3,037;96,8;4,799;90,8;0;2271;0;-26,95;36,15;33,54;19,17;-126;12,98;184,8;41
2013;101;1600;45;982,14;35,27;39,3;35,73;34,93;2,674;104,6;4,869;102;0;1663,1;0;-26,95;36,65;34,15;19,16;-112,2;11,63;235,4;41
2013;101;1700;40,6;982,39;34,28;41,37;35,51;34,27;2,115;103,2;3,52;109,2;0;313,35;0;-26,95;36,66;34,59;19,09;-75,1;12,77;-18,43;41
2013;101;1800;34,02;982,59;32,55;45,14;34,24;32,47;1,502;79,5;3,006;85,2;0;30,085;0;-26,96;36,2;34,78;19,03;-27,03;10,78;-160,6;41
2013;101;1900;31,7;983,77;30,71;58,33;32,54;30,71;5,213;29,18;7,94;37,24;0;0;0;-26,95;35,59;34,74;18,98;2,758;12,3;-157,3;41
2013;101;2000;29,92;984,9;29,67;63,28;30,72;29,66;4,426;27,1;6,51;43,56;0;0;0;-26,95;34,99;34,57;18,94;21,89;12,09;-226,2;41
2013;101;2100;28,73;985,69;28,62;69,03;29,65;28,61;4,43;26,22;6,546;26,18;0;0;0;-26,96;34,41;34,34;18,91;36,78;10,42;-152,9;41
2013;101;2200;27,75;986,1;28,2;71;28,61;28,14;3,625;30,92;5,035;32,87;0;0;0;-26,96;33,86;34,06;18,87;46,05;12,06;-153,3;41
2013;101;2300;27,31;986,18;27,67;78,3;28,18;27,67;4,067;30,62;6,11;38;0;0;0;-26,96;33,37;33,77;18,84;51,3;10,4;-154,6;41
2013;101;2400;26,69;985,42;26,92;84,4;27,67;26,92;4,223;24,64;6,631;45,31;0;0;0;-26,96;32,94;33,48;18,82;52,61;12,22;-159,6;41
2013;102;100;25,98;985,03;26,53;86,3;27,02;26,53;3,455;23,77;5,305;35,71;0;0;0;-26,96;32,55;33,19;18,79;54,45;12,03;-157,6;41
2013;102;200;25,83;984,49;26,81;84;26,85;26,5;3,321;18,29;4,679;31,07;0;0;0;-26,96;32,17;32,92;18,77;57,02;12,27;-160,1;41
2013;102;300;25,61;984,42;26,85;83,1;26,91;26,66;3,06;28,34;4,254;11,1;0;0;0;-26,96;31,84;32,65;18,75;57,43;12,01;-153,5;41
2013;102;400;25,7;984,56;26,78;79,6;26,93;26,71;3,022;33,97;4,331;44,65;0;0;0;-26,96;31,53;32,4;18,72;57,73;10,36;-162,6;41
2013;102;500;25,43;984,54;26,53;78,5;26,81;26,46;2,574;34,94;4,311;48,03;0;0;0;-26,96;31,26;32,15;18,71;56,55;12,16;-163,9;41
2013;102;600;25,52;985,25;26,74;75,3;26,78;26,52;3,43;55,28;4,507;51,96;0;32,197;0;-26,96;30,99;31,93;18,69;57,47;10,33;-95;41
2013;102;700;27,07;986,08;28,01;71,4;28,01;26,65;3,671;59,7;5,677;44,72;0;468,44;0;-26,96;30,74;31,71;18,68;56,87;12,3;21,61;41
2013;102;800;31,8;986,64;29,24;68,04;29,24;27,79;4,607;75,5;6,465;94,4;0;1689,3;0;-26,96;30,72;31,52;18,7;39,98;12,61;79,3;41
2013;102;900;34,27;986,54;30,7;61,58;30,8;29,25;4,248;99,6;6,396;71,2;0;2154,3;0;-26,96;31,1;31,43;18,76;-6,743;12,84;142,8;41
2013;102;1000;36,82;986,31;31,94;54,3;32,17;30,56;4,529;92,1;6,28;76,4;0;3215,7;0;-26,96;31,8;31,54;18,82;-59,28;12,92;180,7;41
2013;102;1100;37,69;985,59;33,07;45,93;33,27;31,84;4,179;91,7;6,358;100,6;0;3307,1;0;-26,96;33,08;31,9;18,9;-115,4;11,57;151,1;41
2013;102;1200;39,2;984,78;33,77;44,24;34,8;32,15;3,755;97,9;5,957;95,2;0;3074,8;0;-26,95;34,4;32,5;18,93;-130,7;12,95;157,7;41
2013;102;1300;41,06;983,53;34,76;40,33;35,42;33,47;3,731;81,9;6,606;95,1;0;3223,7;0;-26,96;35,64;33,19;18,99;-140,8;13,01;207,4;41
2013;102;1400;43,86;982,51;34,65;40,23;36,31;34,53;3,393;94,3;6,358;92,1;0;2739,7;0;-26,96;36,67;33,95;19;-139;11,43;19,42;41
2013;102;1500;41,04;982;35,25;38,29;35,88;33,92;3,373;93;5,063;69,2;0;1542,5;0;-26,95;37,37;34,65;18,97;-124,1;11,26;69,17;41
2013;102;1600;43,59;982;34,85;38,39;35,96;34,85;2,297;115,3;4,226;104,8;0;1466;0;-26,96;37,58;35,19;18,94;-92,1;12,88;56,1;41
2013;102;1700;40,11;982,13;34,42;38,12;35,21;34,41;2,223;108,7;3,667;106,6;0;310,44;0;-26,96;37,46;35,53;18,87;-60,58;11,38;-28,6;41
2013;102;1800;33,97;982,41;32,63;42,99;34,43;32,63;1,609;91,4;2,896;100;0;26,406;0;-26,96;36,96;35,64;18,8;-19,34;10,37;-1875;41
2013;102;1900;31,26;983,12;30,77;51,21;32,58;30,77;4,123;25,61;7,11;29,26;0;0;0;-26,82;36,33;35,56;18,76;8,21;12,12;-246,7;41
2013;102;2000;29,66;983,99;29,41;57,85;30,79;29,41;4,946;26,08;7,93;21,25;0;0;0;-26,92;35,69;35,35;18,71;29,06;10,35;-166,1;41
2013;102;2100;28,26;984,91;28,25;66,14;28,58;28,25;4,8;41,66;6,608;46,05;0;0;0;-26,93;35,06;35,08;18,67;15,19;12,26;-152,6;41
2013;102;2200;27,16;985,94;27,36;73,8;28,25;27,36;3,33;42,52;5,017;53,38;0;0;0;-26,93;34,47;34,76;18,64;53,19;10,69;-153,8;41
2013;102;2300;26,41;985,87;26,76;79,6;27,38;26,76;3,696;23,97;5,15;55,14;0;0;0;-26,94;33,94;34,44;18,61;58,37;10,66;-155,7;41
2013;103;900;34,85;985,94;30,66;60,88;31,26;29,51;4,021;80,4;5,882;75,7;0,2;1574,3;0;-26,91;31,27;31,8;18,52;-0,351;11,32;26,72;41
2013;103;1000;36,96;985,89;31,48;57,3;32,84;30,35;3,21;100;5,3;39,89;0;2619,2;0;-26,95;31,9;31,87;18,57;-47,53;12,99;69,79;41
2013;103;1100;39,45;985,19;33,23;48,66;33,99;31,34;3,099;92,6;5,298;73,9;0;3330,2;0;-26,94;32,99;32,17;18,64;-98,1;12,86;49,68;41
2013;103;1200;39,3;984,05;34,62;44,33;34,83;32,83;3,38;97,4;5,812;94,5;0;2917,6;0;-26,95;34,35;32,69;18,69;-130,6;11,45;98,4;41
2013;103;1300;40,35;983,1;35,06;41,44;35,5;33,21;3,819;74,5;5,992;53,87;0;2410,1;0;-26,95;35,48;33,36;18,69;-128,2;12,89;112,8;41
2013;103;1400;43,74;982,06;35,66;40,67;36,8;34,51;3,113;89,1;7,4;80,6;0;2830,1;0;-26,95;36,28;34;18,72;-117,4;11,93;90,6;41
2013;103;1500;42,24;981,64;35,47;38,83;35,91;34,88;2,859;89,9;4,729;38,18;0;1716,4;0;-26,95;37,08;34,63;18,7;-120,5;12,99;54,37;41
2013;103;1600;43,06;981,56;35,42;39,04;36;35,22;2,776;95,1;4,697;70,2;0;1494,3;0;-26,95;37,45;35,17;18,67;-95,8;11,35;85,4;41
2013;103;1700;37,5;981,41;34,45;40,79;35,53;34,45;3,175;74,7;5,564;49,45;0;447,16;0;-26,96;37,53;35,56;18,63;-71;11,24;-23,72;41
2013;103;1800;33,93;982,01;32,5;50,67;34,39;32,5;3,311;51,83;4,775;9,59;0;45,751;0;-26,95;37,24;35,76;18,58;-34,42;12,37;-159;41
2013;103;1900;31,32;982,78;30,42;59,05;32,42;30,42;4,707;36,3;7,07;46,98;0;0;0;-26,95;36,7;35,76;18,54;-1,962;10,69;-331,2;41
2013;103;2000;29,43;983,61;29,16;64,55;30,39;29,16;4,772;34,06;7,2;42,38;0;0;0;-26,89;36,08;35,61;18,5;21,92;12,3;-155,6;41
2013;103;2100;28,12;984,01;27,95;73;29,12;27,94;5,2;36,37;7,32;41,54;0;0;0;-26,87;35,46;35,38;18,47;39,71;12,1;-151,2;41
2013;103;2200;27,03;984,62;27,2;77,6;27,93;27,2;4,199;46,46;5,867;48,23;0;0;0;-26,9;34,87;35,08;18,44;50,56;12,28;-156,5;41
2013;103;2300;26,34;984,35;26,84;78,7;27,25;26,82;4,559;44,3;6,768;51,44;0;0;0;-26,91;34,33;34,77;18,42;56,84;10,65;-157,2;41
2013;103;2400;25,73;984,06;26,47;81,1;26,88;26,46;3,746;46,32;6,312;17,98;0;0;0;-26,91;33,83;34,45;18,4;60,97;10,43;-157,7;41
2013;104;100;25,27;983,54;26,21;82,2;26,46;26,12;3,655;48,51;5,481;42,79;0;0;0;-26,92;33,37;34,13;18,39;63,81;12,1;-158,6;41
2013;104;200;24,86;983,32;25,75;84,7;26,19;25,75;2,209;38,38;4,319;39,86;0;0;0;-26,93;32,94;33,81;18,37;65,71;10,43;-160,4;41
2013;104;300;24,23;983,52;25,1;87,6;25,75;25,1;1,696;12,57;2,655;19,26;0;0;0;-26,93;32,55;33,51;18,36;65,86;12,21;-152,6;41
2013;104;400;23,64;983,44;24,54;92,6;25,17;24,53;1,554;6,461;2,036;12,11;0;0;0;-26,93;32,19;33,21;18,35;66,49;12,02;-154,3;41
2013;104;500;23,27;983,76;24,43;93,1;24,56;24,43;0,942;341,6;1,949;9,84;0;0;0;-26,94;31,85;32,93;18,34;67,3;10,37;-158,7;41
2013;104;600;23;984,34;24,28;93,8;24,41;24,11;0,652;345,3;1,33;350,2;0;22,731;0;-26,94;31,54;32,66;18,33;66,38;11,99;-116,8;41
2013;104;900;33,78;986,29;29,99;60,57;30,04;28,43;3,285;87,1;5,033;86,3;0,2;2028,7;0;-26,95;31,33;32,04;18,38;18,77;12,48;131,7;41
2013;104;1000;35,32;985,77;31,71;51,58;31,91;29,31;3,646;67,05;5,563;87,6;0;2899,4;0;-26,96;31,87;32,05;18,44;-31,67;12,87;95,4;41
2013;104;1100;37,62;984,78;33,54;46,26;33,54;31,51;3,605;90,1;5,368;93,7;0;3542,1;0;-26,96;32,96;32,29;18,5;-93;13,11;107,7;41
2013;104;1200;39,7;983,66;35,51;38,29;35,51;33,21;3,712;77,8;7,09;82,8;0;3696,8;0;-26,95;34,37;32,8;18,56;-134;12,99;118;41
2013;104;1300;43,66;982,66;35,93;36,28;36,34;34,92;3,325;102,8;5,474;86,4;0;3526,7;0;-26,95;35,79;33,5;18,6;-150,7;11,67;118;41
2013;104;1400;45,76;981,94;36,29;35,87;36,64;35,62;3,182;85,3;5,168;74,5;0;3161,2;0;-26,96;37,05;34,31;18,63;-157,9;12,99;122,8;41
2013;104;1500;46,76;981,25;36,44;36,02;36,91;35,89;2,951;67,84;4,84;45,12;0;2487,5;0;-26,96;37,99;35,11;18,62;-147,9;11,57;64,43;41
2013;104;1600;45,41;981,32;35,95;38,38;36,78;35,33;2,993;99,5;4,755;115,8;0;1416,3;0;-26,95;38,49;35,8;18,59;-122;11,48;63,28;41
2013;105;1300;40,62;983,46;33,47;49,74;33,74;33,27;2,526;86,8;4,965;77;0,2;750,35;0;-26,96;34,93;33,54;18,46;-35,85;12,4;397,6;41
2013;105;1400;43,61;982,58;35,06;45,47;35,25;33,19;2,626;72,3;4,293;58,23;0;2687,9;0;-26,96;35,71;34,03;18,47;-98,3;12,71;46,61;41
2013;105;1500;44,26;982;34,59;45,31;36,1;33,91;2,112;77,9;5,481;94,3;0;1922,7;0;-26,96;36,47;34,54;18,48;-105,6;12,64;-39,74;41
2013;105;1600;41,97;981,71;34,78;44,14;35,45;34,28;2,371;67,98;3,719;140,4;0;1165,4;0;-26,96;36,99;35,04;18,47;-93,9;11,65;-27,93;41
2013;105;1700;38,46;981,8;34,21;44,45;35,02;34,16;2,384;80,5;3,62;83,9;0;399,79;0;-26,96;37,11;35,42;18,44;-66,4;12,87;14,22;41
2013;106;600;25,17;984,33;26,35;86;26,35;26,08;2,348;32,72;3,019;48,88;0,2;15,873;0;-26,97;32,05;32,99;18,24;10,03;12,16;-100,8;41
2013;106;700;26,01;985,25;26,57;85,3;26,57;26,28;2,321;14,47;3,243;38,52;0;224,57;0;-26,97;31,85;32,79;18,24;49,01;12,35;10,6;41
2013;106;800;26,6;985,85;26,85;82,1;27,2;26,57;2,115;16,85;3,73;57,53;0;196,43;0;-26,96;31,72;32,61;18,24;43,73;12,59;-68,54;41
2013;106;900;28,47;986;28,92;71,8;28,98;26,6;1,389;71,4;4,229;32,42;0;732,6;0;-26,97;31,65;32,47;18,24;37,24;11,87;77,4;41
2013;106;1000;32,04;985,51;30,34;66,07;30,39;28,79;3,627;38,64;5,07;58,22;0;1666,6;0;-26,96;31,74;32,36;18,28;18,92;12,99;101,3;41
2013;106;1100;33,75;984,93;31,74;57,83;31,74;30,26;3,1;59,48;4,662;32,65;0;1629,7;0;-26,96;32,21;32,37;18,31;-20,4;11,78;-143;41
2013;106;1600;41,44;981;33,14;56,17;33,48;32,82;2,288;149,2;4,058;133;0,2;1307,9;0;-26,96;34,81;33,65;18,38;-61,64;12,53;28,92;41
2013;107;600;22,78;984,88;24,03;94,4;24,13;24,03;0,278;91,1;2,157;72,1;0,2;20,662;0;-26,98;29,76;31,12;18,21;13,68;12,31;-92,1;41
2013;107;700;27,07;985,52;27,24;81,3;27,28;24,01;0,295;245,6;0,828;243,7;0;526,93;0;-26,96;29,56;30,91;18,22;59,91;12,15;-10,02;41
2013;107;800;32,32;986,06;27,98;78,2;28,61;27,19;0,456;157,9;1,129;243,9;0;1080,2;0;-26,97;29,56;30,73;18,25;42,4;11,79;129,8;41
2013;107;900;33,4;986,33;29,15;70,1;29,22;28,04;0,864;258,1;1,49;259,4;0;1161,5;0;-26,96;29,82;30,64;18,28;12,58;12,94;9,1;41
2013;107;1000;36;985,75;30,58;64,96;31,7;29,1;1,465;109,1;3,158;13,54;0;1726,1;0;-26,96;30,2;30,68;18,32;-7,84;12,61;-121,1;41
2013;107;1100;30,42;985,61;24,7;94,4;31,27;24,7;3,448;70,8;7,29;81,5;3,6;808,82;0;-26,97;30,76;30,81;18,34;-31,39;12,82;184,8;41
2013;107;1200;30,73;984,82;27,14;90;27,14;24,75;1,15;326,9;2,204;336,9;0,2;1277,4;0;-26,97;30,97;31,01;18,35;-11,6;12,9;76,5;41
2013;107;1300;40,85;983,33;30,98;67,43;31,14;28,05;1,346;133,4;3,955;156,9;0;3187,6;0;-26,96;31,27;31,14;18,44;-23,6;12,65;-149,8;41
2013;107;1400;41,79;982,1;33,38;51,55;33,52;30,99;1,896;139,3;5,551;45,58;0;2870,5;0;-26,96;32,14;31,39;18,49;-73;12,48;-146;41
2013;107;1500;42,43;981,42;33,28;50,88;33,95;32,51;3,163;61,58;5,181;38,42;0;2484,9;0;-26,96;32,78;31,79;18,51;-67,37;11,84;-842;41
2013;107;1600;37,5;980,97;32,55;58,74;33,27;32,42;2,849;43,43;4,722;44,55;0;877,72;0;-26,97;33,13;32,15;18,5;-50,74;12,77;-24,55;41
2013;107;1700;33,69;981,76;31,01;63,91;32,65;31,01;3,291;37,44;5,293;21,02;0;376,72;0;-26,96;33,11;32,4;18,49;-23,63;11,28;-99,8;41
2013;107;1800;30,39;982,05;29,43;67,44;30,98;29,43;3,663;27,59;5,401;30,12;0;25,161;0;-26,96;32,84;32,49;18,46;3,008;12,45;-148,7;41
2013;107;1900;28,37;982,77;28,03;76,7;29,42;28,03;4,62;21,63;6,418;18,23;0;0;0;-26,97;32,38;32,44;18,44;28,16;10,77;-148,9;41
2013;107;2000;27,25;983,5;27,6;75,8;27,99;27,5;4,95;25,25;6,398;7,68;0;0;0;-26,97;31,87;32,28;18,42;45,39;12,33;-148,7;41
2013;107;2100;26,47;984,03;27;79,6;27,65;26,99;3,657;37,44;5,399;23,73;0;0;0;-26,96;31,39;32,05;18,41;54,5;10,72;-153,3;41
2013;107;2200;25,68;984,55;26,69;80,7;26,97;26,41;3,129;24,78;4,852;56,64;0;0;0;-26,97;30,96;31,8;18,4;59,57;12,32;-150,8;41
2013;107;2300;25,32;984,76;26,13;86,8;26,63;26,13;1,993;12,49;3,381;32,71;0;0;0;-26,97;30,56;31,54;18,39;61,64;12,1;-155,2;41
2013;107;2400;25,11;984,04;26,13;87,4;26,27;26,01;1,544;21,89;2,76;320,3;0;0;0;-26,98;30,25;31,28;18,39;59,29;12,07;-154,4;41
2013;108;100;25,18;983,56;26,4;86,1;26,5;26,12;2,564;34,14;4,353;61,24;0;0;0;-26,98;30;31,05;18,38;56,23;12,24;-153,1;41
2013;108;200;24,92;983,2;25,74;90,1;26,42;25,74;2,253;20,84;3,549;34,59;0;0;0;-26,97;29,77;30,84;18,38;54,69;10,65;-156,8;41
2013;108;300;24,79;983,08;25,7;90,6;26,32;25,7;2,196;18,01;4,148;40,48;0;0;0;-26,97;29,57;30,65;18,38;53,2;12,23;-158;41
2013;108;400;24,23;983,05;25,33;93,1;25,7;25,26;1,688;359,1;2,583;6,546;0;0;0;-26,96;29,38;30,47;18,38;52,05;10,62;-150,7;41
2013;108;500;23,68;983,43;24,86;95,7;25,35;24,85;0,906;345,8;1,44;0,334;0;0;0;-26,98;29,19;30,3;18,37;52,16;12,01;-157,3;41
2013;108;600;23,66;983,88;25,15;95,5;25,15;24,7;0,704;302,6;1,312;347,7;0;13,03;0;-26,96;29,01;30,13;18,37;52,36;12,06;-131,8;41
2013;108;700;25,04;984,56;26,6;89,4;26,6;25,13;0,231;357,1;0,748;352,7;0;208,7;0;-26,97;28,87;29,98;18,37;49,13;10,78;54,49;41
2013;108;800;27,73;984,74;27,93;83,3;27,93;26,49;0,595;46,48;1,507;78,4;0;583,07;0;-26,96;28,86;29,85;18,39;37,51;12,93;254,5;41
2013;108;900;32,1;985,28;29,15;73,7;29,85;27,89;2,962;86,4;5,17;80;0;1544;0;-26,97;29,04;29,79;18,43;17,2;11,97;-42,2;41
2013;108;1000;31,95;985,19;29,79;72,2;29,95;28;3,092;58,63;5,29;67,83;0;1762,8;0;-26,97;29,5;29,83;18,46;-14,29;12,86;30,11;41
2013;108;1100;35,82;984,47;31,23;65,4;31,58;29,26;2,411;73,7;4,1;76;0;2411,5;0;-26,96;30,11;30;18,52;-37,57;12,23;146,3;41
2013;108;1200;37,99;983,4;31,57;61,76;32,73;31,1;1,951;110,5;3,407;114,2;0;2105,6;0;-26,97;31,02;30,3;18,6;-72,2;12,52;3,638;41
2013;108;1300;27,95;982,94;24,67;96,7;31,61;23,83;3,446;306,3;9,68;36,99;10,2;340,73;0;-26,96;31,78;30,74;18,64;-71,1;12,8;151,8;41
2013;108;1400;28,11;981,56;25,69;91,5;25,69;24,33;1,501;331,8;2,848;317;0;699,17;0;-26,97;31,55;31,03;18,68;-6,637;12,04;-848;41
2013;108;1500;29,07;981,34;25,67;92,8;27,41;25,6;2,379;22,11;5,12;55,26;0,8;840,27;0;-26,96;31,34;31,11;18,73;5,948;12,73;99,1;41
2013;108;1600;27,67;981,86;27,25;90,6;27,26;25,51;1,543;15,78;3,183;11,34;0;399,73;0;-26,97;31,15;31,13;18,77;12,81;11,91;38,9;41
2013;108;1700;27,29;982,04;26,51;86,6;27,71;26,47;4,236;29,79;6,197;64,07;0;233,86;0;-26,97;30,92;31,08;18,8;22,45;12,95;-88,1;41
2013;108;1800;25,48;982,42;25,5;90,4;26,48;25,5;3,531;40,54;5,225;32,71;0;19,424;0;-26,97;30,56;30,98;18,8;38,41;10,91;-149,8;41
2013;108;1900;24,08;983,1;24;93,1;25,43;23,98;3,345;11,75;4,657;15,98;0,2;0;0;-26,96;30,11;30,81;18,8;53,09;12,24;-147,6;41
2013;108;2000;23,35;983,91;23,9;95,9;23,98;23,83;1,583;351,8;2,585;353,9;0,4;0;0;-26,96;29,68;30,6;18,82;61,31;10,75;-148,3;41
2013;108;2100;23,3;984,31;24,27;95,6;24,27;23,9;1,396;357,3;2,137;31,84;0;0;0;-26,96;29,32;30,36;18,83;62,11;12,37;-150,3;41
2013;108;2200;23,38;984,85;24,6;92,2;24,6;24,21;1,634;345,2;2,35;7,32;0;0;0;-26,96;29,02;30,13;18,86;60,22;10,77;-151,7;41
2013;108;2300;23,51;984,61;24,72;93;24,82;24,6;1,804;352,5;2,345;350,5;0;0;0;-26,96;28,78;29,91;18,87;58,08;10,7;-152,3;41
2013;108;2400;23,34;984,3;24,66;95,1;24,85;24,56;1,629;0,002;2,134;21,66;0;0;0;-26,96;28,55;29,72;18,87;57;12,24;-147,6;41
2013;109;100;23,43;983,57;24,73;96,3;24,91;24,65;0,656;33,05;1,48;52,44;0;0;0;-26,96;28,34;29,53;18,88;56,56;10,69;-147,5;41
2013;109;200;23,17;983,28;24,46;97,3;24,73;24,36;0,545;311,5;1,111;261,2;0;0;0;-26,96;28,18;29,36;18,88;53,58;12,12;-147,6;41
2013;109;300;23,4;983,21;24,75;95,8;24,78;24,5;1,333;350,1;1,878;4,317;0;0;0;-26,96;28,02;29,2;18,89;52,15;10,66;-147,6;41
2013;109;400;23,32;983,12;24,12;96,5;24,78;23,99;1,435;44,64;2,973;71,9;3,8;0,03233;0;-26,97;27,9;29,05;19,12;49,5;12,02;-154,5;41
2013;109;500;23,01;983,66;24,13;98;24,16;23,99;0,62;15,37;1,538;75,7;0;0;0;-26,97;27,76;28,92;19,31;49,28;10,66;-152,5;41
2013;109;600;22,95;983,97;24,42;96,9;24,44;24,06;0,56;345,8;1,397;341;0;24,833;0;-26,98;27,62;28,79;19,36;50,01;10,67;-112,3;41
2013;109;700;26,98;985,11;26,22;90,2;26,35;24,42;1,096;76,7;2,119;93,6;0;547,89;0;-26,96;27,49;28,67;19,41;49,29;12,27;-11,59;41
2013;109;800;28,62;985,46;26,37;89,8;26,65;26,03;1,267;129,6;2,65;78,9;0;776,43;0;-26,97;27,56;28,56;19,45;32,33;11,41;84,3;41
2013;109;900;31,35;985,35;28,49;80,8;28,49;26,36;1,537;140;3,138;119,7;0;1571,9;0;-26,97;27,84;28,54;19,5;6,614;12,99;-145;41
2013;109;1000;35,11;985,14;29,7;70,7;30,28;28,02;1,983;90,4;3,8;83,8;0;2560,2;0;-26,98;28,43;28,64;19,57;-30,42;12,68;-144,2;41
2013;109;1100;33,37;984,35;29,19;71,9;30,38;29,1;2,009;155;4,301;89,6;0;1263,7;0;-26,96;29,34;28,91;19,61;-67,28;11,81;-1185;41
2013;109;1200;36,57;983,21;32,29;62,44;32,29;29,2;1,873;95,4;3,61;77,8;0;2680,4;0;-26,97;29,9;29,29;19,65;-54,15;12,73;192,4;41
2013;109;1300;39,74;982,36;32,33;58,01;32,52;30,88;2,458;99;4,386;88;0;2567,9;0;-26,96;30,56;29,66;19,69;-65,86;12,13;-618,6;41
2013;109;1400;43,17;981,06;32,8;55,01;33,42;32,23;2,454;84,6;4,289;98,1;0;3270,9;0;-26,95;31,36;30,08;19,77;-78,6;12,48;-210,6;41
2013;109;1500;44,59;980,5;33,53;52,61;33,99;32,76;2,541;89,3;5,107;78,6;0;2540,4;0;-26,96;32,34;30,59;19,8;-96,9;11,97;14,46;41
2013;109;1600;41,78;980,34;33,38;51,04;33,87;33,26;2,894;91,4;4,303;52,37;0;1373,7;0;-26,96;33,03;31,15;19,79;-91,6;12,57;123,1;41
2013;109;1700;35,97;981,06;32,47;54,77;33,32;32,47;2,451;66,95;3,55;46,12;0;280,97;0;-26,96;33,17;31,61;19,74;-58,03;11,58;-52,75;41
2013;109;1800;32,08;981,43;31,15;59,21;32,42;31,15;1,928;57,82;2,763;74,7;0;21,313;0;-26,96;32,81;31,83;19,68;-13,36;12,46;-155,8;41
2013;109;1900;29,74;982,41;28,92;73,6;31,24;28,92;3,703;21,07;5,16;29,25;0;0;0;-26,96;32,28;31,84;19,64;14,98;10,52;-160,4;41
2013;113;1300;35,21;984,65;29,83;65,93;30,34;29,83;2,133;159,4;2,996;130,8;0,2;457,78;0;-26,8;29,26;28,32;21,51;-17,25;12,2;247,8;41
2013;113;1400;34,69;983,8;30,14;63,92;30,52;29,66;1,665;141,7;2,79;124,6;0;1175,2;0;-26,84;29,61;28,68;21,47;-56,28;12,53;253,4;41
2013;113;1500;32,96;983,54;30,39;64,86;30,39;29,66;1,541;219,9;2,973;190,4;0;703,45;0;-26,85;29,8;28,96;21,42;-43,33;12,73;457,2;41
2013;113;1600;33,21;983,37;30,06;66,38;30,52;30,02;0,722;226,3;3,823;144,5;0;589,59;0;-26,85;29,83;29,16;21,37;-27,08;12,86;127;41
2013;113;1700;31,32;983,31;29,3;69,71;30,04;29,3;0,338;80,5;2,722;144;0;184,2;0;-26,7;29,76;29,28;21,32;-13,83;11,55;-55,84;41
2013;115;1400;39,88;984,31;31,08;63,57;31,61;30,6;1,813;61,92;3,407;69,28;0,2;1118,8;0;-26,82;29,4;28,24;21,8;-30,4;12,24;193,6;41
2013;115;1500;35,72;983,53;30,71;64,74;31,54;29,79;2,245;142,7;3,577;173,6;0;1368,2;0;-26,87;29,88;28,61;21,75;-77,2;11,92;-146,9;41
2013;115;1600;35,5;983,08;30,56;65,05;31,14;29,75;1,625;107;2,618;75,1;0;707,41;0;-26,87;30,07;28,95;21,69;-55,11;12,6;-79,2;41
2013;115;1700;33,06;983,78;30,2;67,68;30,59;30,11;1,601;98,6;2,988;87,4;0;239,75;0;-26,56;29,98;29,16;21,63;-25,19;11,27;22,75;41
2013;115;1800;28,34;984,22;25,23;97,5;30,2;24,98;2,083;96;5,829;160,3;3;71,227;0;-26,32;29,68;29,22;21,58;1,049;12,44;-154,1;41
2013;115;1900;25,98;985,51;25,02;97,2;25,45;24,99;2,222;335,6;3,805;314,1;0;0;0;-26,24;29,3;29,18;21,59;22,44;12,14;-155,6;41
2013;115;2000;25,16;986,12;24,84;96,7;25;24,77;2,384;343,3;3,264;317,9;0;0;0;-26,24;28,92;29,05;21,59;36,27;12,29;-160,1;41
2013;115;2100;24,81;986,92;25,09;97,7;25,09;24,79;1,108;36,46;2,182;184,9;0;0,35561;0;-26,3;28,57;28,88;21,57;42,8;12,07;-159;41
2013;115;2200;24,52;987,12;25,12;95,7;25,16;24,96;1,137;341,2;3,406;8,07;0;0;0;-26,36;28,29;28,7;21,58;43,64;10,33;-160,3;41
2013;115;2300;24,24;986,95;24,87;96,6;25,21;24,87;2,246;18,17;3,214;33,51;0;0;0;-26,45;28,04;28,53;21,57;44,92;12,03;-158,3;41
2013;115;2400;24;986,48;24,82;97,6;25,05;24,81;1,221;357,4;2,241;354,7;0;0;0;-26,45;27,77;28,36;21,56;48,68;10,27;-158,2;41
2013;116;100;23,62;985,95;24,64;97,5;24,81;24,56;1,421;357,9;2,129;7,84;0;0;0;-26,47;27,54;28,18;21,55;49,32;12,17;-156,4;41
2013;116;200;24,02;985,33;25,33;94;25,44;24,64;2,526;25,66;3,519;26,26;0;0;0;-26,58;27,32;28,01;21,54;50,18;11,96;-156,9;41
2013;116;300;24,56;985;26,36;77,1;26,5;25,39;3,631;46,53;7,58;63,86;0;3,6211;0;-26,62;27,15;27,86;21,53;46,72;12,21;-160,2;41
2013;116;400;24,65;985,3;26,35;76,5;26,46;25,89;4,764;56,22;7,46;53,24;0;1,9721;0;-26,58;26,97;27,72;21,51;49,12;11,94;-157,4;41
2013;116;500;24,62;985,65;25,56;80,6;26,41;25,54;4,237;68,06;6,04;49,05;0;0;0;-26,66;26,73;27,56;21,5;55,18;10,17;-164,5;41
2013;116;600;24,38;986,65;25,42;83,2;25,44;24,96;2,802;74,4;4,436;73,6;0;54,478;0;-26,69;26,51;27,4;21,48;57,08;12,1;-80,4;41
2013;116;700;26,29;987,26;26,32;80;26,52;25,27;2,941;68,98;4,281;66,24;0;490,46;0;-26,66;26,36;27,24;21,47;52,69;10,6;37,76;41
2013;116;800;30,58;987,91;26,9;79,3;27,32;26,32;3,224;83,1;4,391;60,99;0;1445,4;0;-26,64;26,38;27,11;21,48;31,77;12,85;367;41
2013;116;1300;38,01;985,14;31,02;59,16;31,41;30,22;3,745;97,1;5,263;74,1;0;1196,1;0;-26,9;30;28,46;21,52;-48,94;12,51;-120,6;41
2013;116;1400;40,51;984,17;30,7;62,91;31,77;30,7;3,444;89,8;5,646;64,71;0;2973,9;0;-26,92;30,86;29,04;21,53;-118;12,31;-149,1;41
2013;116;1500;42,71;983,4;31,88;57,53;32,2;30,58;2,92;92,4;4,487;141,4;0;2654,5;0;-26,93;31,69;29,64;21,53;-125,5;12,36;236,8;41
2013;116;1600;37,25;983,04;30,72;60,37;31,72;30,56;2,328;116,2;3,955;123,5;0;976,88;0;-26,92;32,22;30,2;21,48;-105,6;12,56;204,8;41
2013;117;1400;39,58;982,86;31,73;59,2;32,04;30,5;2,714;140,9;4,14;148,2;0,2;1659,6;0;-26,94;32,33;30,17;21,09;-95,8;11,98;216,4;41
2013;117;1500;39,65;982,51;31,78;60,39;32,25;30,95;2,551;133,4;3,802;116,8;0;1923,9;0;-26,94;32,98;30,76;21,09;-123,6;12,64;-139,6;41
2013;117;1600;37,62;982,33;30,46;63,05;31,98;30,46;2,21;129,9;3,084;121,7;0;1014,5;0;-26,95;33,32;31,26;21,06;-97,1;12,61;97,4;41
2013;117;1700;32,85;982,44;30,3;63,18;30,86;30,23;1,688;145,2;2,657;140,2;0;191,47;0;-26,95;33,18;31,58;21,01;-54,06;11,34;-57,41;41
2013;117;1800;29,5;982,87;28,87;69,73;30,28;28,83;1,536;172,9;2,68;153;0;21,611;0;-26,81;32,66;31,65;20,96;-11,43;12,4;-154,2;41
2013;117;1900;27,53;983,25;27,55;79,1;28,93;27,52;0,904;191,3;1,568;180,6;0;0;0;-26,66;32,05;31,54;20,91;17,78;12,13;-156,5;41
2013;118;1300;40,44;983,78;32,19;52,34;32,53;32,19;2,819;182;3,862;192,4;0,2;312,93;0;-26,93;32,69;30,32;20,81;-13,01;12,35;-155,4;41
2013;118;1400;41,22;983,21;31,98;52,29;32,79;31,59;2,818;162,6;4,644;211,2;0;2799,6;0;-26,95;33,79;31,09;20,85;-159,5;12,4;29,75;41
2013;118;1500;37,36;982,79;31,45;54,25;32,49;31,4;2,628;134,9;3,812;111,4;0;1274,3;0;-26,95;34,55;31,84;20,83;-142,8;12,67;243,7;41
2013;118;1600;33,43;982,77;30,09;62,07;31,45;30,06;1,82;133,2;2,815;125,2;0;426,42;0;-26,95;34,62;32,37;20,79;-91,4;10,85;-32,59;41
2013;118;1700;30,71;983,57;29,07;70,3;30,38;29,07;2,573;87,6;4,278;72,8;0;141,54;0;-26,94;34,25;32,62;20,73;-44,2;12,36;-158,9;41
2013;118;2000;25,92;984,38;26,39;88,5;26,82;26,27;0,862;31,08;2,605;346,1;0,4;0,74348;0;-26,82;32,12;32,11;20,6;51,11;12,28;-154,1;41
2013;118;2100;25,66;985;26,34;83,9;27,01;26,34;1,871;69,99;2,572;80,5;0;0,38791;0;-26,89;31,53;31,77;20,56;57,12;10,75;-150,8;41
2013;118;2200;25,4;984,95;26,17;82,1;26,53;26,14;1,573;42,72;2,578;63,88;0;0;0;-26,91;30,98;31,43;20,53;63,3;12,32;-152,2;41
2013;118;2300;24,79;985,01;25,45;88;26,15;25,37;0,949;342,2;1,923;335,2;0;0;0;-26,92;30,51;31,09;20,51;65,36;12,06;-145,7;41
2013;118;2400;24,32;984,82;25,13;95;25,43;25,13;1,615;352;2,216;334,8;0;0;0;-26,92;30,1;30,77;20,48;65,3;12,02;-149,5;41
2013;119;100;24,16;984,46;25,19;95,4;25,25;25,12;1,53;17,81;2,404;12,5;0;0;0;-26,92;29,72;30,48;20,45;66;12,16;-152,2;41
2013;119;200;23,93;983,93;24,95;93,6;25,17;24,86;1,258;45,12;2,517;72,3;0;0;0;-26,92;29,38;30,19;20,44;64,9;10,57;-146,7;41
2013;119;300;24,08;984,05;25,48;88,5;25,51;25,01;2,804;70,7;3,667;70,7;0;0;0;-26,92;29,08;29,93;20,41;64,18;10,54;-153;41
2013;119;400;24,38;984,15;25,31;89,6;25,48;25,29;2,989;65,63;4,244;65,51;0;0;0;-26,92;28,77;29,68;20,4;65,1;10,56;-152,7;41
2013;119;500;24,11;984,46;24,76;90,9;25,32;24,74;2,514;79;3,684;84,9;0;0;0;-26,93;28,52;29,44;20,38;62,8;11,95;-153,4;41
2013;119;600;23,77;985,1;24,65;91,8;24,76;24,54;1,928;80,7;3,076;95,8;0;17,072;0;-26,93;28,28;29,22;20,37;61,91;11,98;-93,7;41
2013;119;700;24,34;985,75;25,21;89,4;25,21;24,65;1,701;80,4;3,013;98,9;0;182,19;0;-26,92;28,08;29,02;20,36;59,04;10,84;-11,18;41
2013;119;800;28,45;986,59;26,6;83,2;27,17;25,24;1,878;105,4;3,228;90,2;0;924,19;0;-26,94;28,02;28,84;20,36;44,73;12,82;209,9;41
2013;119;900;30,69;986,86;27,52;81,8;27,61;26,58;2,245;142;3,614;181,4;0;1331,5;0;-26,92;28,21;28,76;20,37;17;11,74;305,6;41
2013;119;1000;31,93;986,67;28,13;75,4;29,08;27,54;2,945;141,7;5,178;148,4;0;1456;0;-26,88;28,61;28,79;20,38;-10,82;12,89;95,1;41
2013;119;1100;31,76;986;28,57;70,4;28,96;28,19;3,702;137;5,767;111,8;0;1420;0;-26,89;29,1;28,94;20,4;-31,17;12,07;28,71;41
2013;119;1200;34,39;984,98;28,33;72,9;31,17;28,33;3,285;137,8;5,573;140,3;0;2108,4;0;-26,93;29,6;29,15;20,44;-42,81;12,58;133,5;41
2013;119;1300;34,66;984,01;30,13;68,23;30,58;28,07;2,344;136,6;4,814;125;0;1929,7;0;-26,94;30,36;29,45;20,46;-73,3;12,67;-143,1;41
2013;119;1400;37,71;983,31;31,1;60,69;31,26;29,95;2,605;135,9;4,371;138;0;2434,3;0;-26,93;31,12;29,83;20,49;-86,8;12,36;37,29;41
2013;119;1500;39,43;983,01;30,76;65,49;31,67;30,14;2,968;135,2;4,805;147,3;0;1978,6;0;-26,94;31,86;30,29;20,51;-90,9;12,2;-125,2;41
2013;119;1600;38,14;982,82;30,52;62,35;31,32;30,31;2,553;145,3;3,727;126,8;0;1272,9;0;-26,95;32,33;30,73;20,51;-76,5;12,14;150,1;41
2013;119;1700;32,22;982,76;29,36;71,8;30,47;29,36;2,467;171;3,97;134;0;219,78;0;-26,94;32,43;31,06;20,47;-50,28;12,86;-27,55;41
2013;119;1800;29,15;983,52;28,2;77,9;29,36;28,2;1,135;205,3;2,034;200,2;0;25,682;0;-26,83;32,09;31,19;20,43;-12,44;12,44;-151,8;41
2013;119;1900;27,48;984,41;27,81;80,7;28,22;27,01;0,822;180,5;1,342;169,6;0;0;0;-26,74;31,62;31,14;20,4;12,67;10,74;-148,1;41
2013;119;2000;26,71;985,18;25,29;95,9;27,77;25,29;1,961;46,99;6,292;83,8;0;0;0;-26,64;31,17;31;20,38;27,19;12,15;-148,5;41
2013;119;2100;25,06;986;24,95;97,6;25,25;24,92;2,698;67,67;5,406;78,7;1,8;0;0;-26,8;30,71;30,81;20,35;40,09;10,69;-153,9;41
2013;119;2200;24,43;986,1;24,59;98,4;25;24,45;1,586;96,2;3,865;82,9;1,8;0;0;-26,9;30,21;30,57;20,34;54,14;12,1;-153;41
2013;119;2300;24,1;986,41;24,14;98,1;24,8;24,14;1,217;44,01;2,638;58,18;2,8;0;0;-26,91;29,77;30,31;20,7;58,03;10,66;-150,9;41
2013;119;2400;23,67;985,95;24,11;97,1;24,26;24,07;0,81;107,4;1,601;91;0,2;0;0;-26,91;29,38;30,04;20,88;60,39;12,13;-148,8;41
2013;120;100;23,36;985,36;24,07;98;24,13;23,83;0,416;63,27;0,926;204,8;0;0;0;-26,91;29,05;29,78;20,91;60,74;12,06;-157,6;41
2013;120;200;23,3;984,88;24,04;98,3;24,17;23,65;1,31;243,4;2,314;257,2;0;0;0;-26,91;28,75;29,54;20,91;59,87;12,23;-155,1;41
2013;120;300;23,26;984,73;24,13;98,6;24,13;23,9;0,597;217,4;2,509;176,4;0,2;0;0;-26,92;28,5;29,32;20,91;58,17;10,63;-153,6;41
2013;120;400;23,11;984,7;23,84;98,6;24,09;23,64;1,351;171,9;3,156;165;3;0;0;-26,92;28,28;29,11;21,19;57,01;10,6;-149,3;41
2013;120;500;23,16;985,13;24,01;98,8;24,05;23,81;0,433;178;1,337;212,7;0;0;0;-26,91;28,05;28,92;21,27;57,51;12,04;-154,5;41
2013;120;600;23,12;985,53;23,95;98,7;24,09;23,85;0,786;202,7;1,608;227,9;0;9,0538;0;-26,91;27,87;28,74;21,28;55,15;10,58;-308,5;41
2013;120;700;23,77;986,27;24,4;97,7;24,41;23,95;0,981;213,2;1,686;206,8;0;171,05;0;-26,91;27,71;28,57;21,28;52,69;12,31;-39,34;41
2013;120;800;24,83;986,83;24,82;95,9;25,05;24,35;1,384;199,8;2,149;175,3;0,2;407,32;0;-26,91;27,65;28,43;21,32;42,79;11,69;-1,491;41
2013;120;900;26,33;986,95;25,43;94,2;25,76;24,81;1,436;182,4;2,237;162,1;0,4;670,95;0;-26,91;27,74;28,34;21,36;27,32;13,01;223,5;41
2013;120;1200;32,44;985,56;27,86;82,3;29,71;27,37;1,997;62,8;3,054;110,8;0,2;838,45;0;-26,91;29,45;28,76;21,43;-51,41;12,57;-147;41
2013;120;1300;35;984,58;29,36;77,1;30,42;27,78;1,521;130,5;2,683;34,53;0;2064,9;0;-26,92;30,03;29,11;21,42;-67,4;12,66;81;41
2013;120;1400;35,5;983,95;30,05;70,4;30,49;29,14;2,921;86,3;4,74;76,3;0;1738,2;0;-26,92;30,42;29,46;21,38;-56,64;12,54;-106,4;41
2013;120;1500;35,52;983,67;30,26;68,04;30,43;29,87;2,42;89,9;3,436;86,7;0;1420,8;0;-26,92;30,63;29,73;21,34;-41,4;12,38;77,4;41
2013;120;1600;33,62;983,64;29,92;69,44;30,3;29,8;2,453;79,5;3,564;43,9;0;914,77;0;-26,91;30,7;29,92;21,3;-26,67;12,61;-19,19;41
2013;120;1700;30,74;984,3;28,54;76,4;29,98;28,53;2,573;42,79;4,178;23,53;0;367,64;0;-26,82;30,57;30,02;21,25;-7,73;11,63;-35,41;41
2013;120;1800;27,89;984,87;27,34;86,7;28,52;27,32;3,507;22,53;4,509;25,32;0;28,917;0;-26,76;30,23;30,01;21,19;17,04;12,45;-148,7;41
2013;120;1900;26,15;986;24,68;89,6;27,33;24,68;2,664;23,3;5,042;54,02;0;0;0;-26,78;29,79;29,89;21,15;38,7;12,17;-148,8;41
2013;120;2000;24,67;986,62;25,09;90,9;25,14;24,37;2,51;29,68;3,707;28,74;0;0;0;-26,81;29,34;29,7;21,11;51,36;10,73;-150,7;41
2013;120;2100;24,3;987,32;24,65;94,6;25,08;24,49;0,797;283,4;1,6;287,8;0,2;0;0;-26,8;28,94;29,48;21,08;56,36;12,1;-153,7;41
2013;120;2200;24,2;987,27;24,82;93,8;24,91;24,59;0,706;11,35;1,41;352,2;0;0;0;-26,81;28,65;29,26;21,05;53,28;10,68;-155,5;41
2013;120;2300;23,96;987,04;24,65;95;24,82;24,58;0,959;6,364;1,51;4,436;0;0;0;-26,89;28,42;29,06;21,03;51,16;12,13;-151;41
2013;120;2400;23,73;986,56;24,56;96,2;24,66;24,5;0,661;357,4;1,132;352,3;0;0;0;-26,9;28,19;28,88;21,01;51,49;10,66;-151,9;41
